matrix_name,clones,time,accuracy
0,0.4,13,0.993546706663
0,0.4,13,0.987549071208
0,0.4,16,0.855754971674
0,0.8,39,0.994041301819
0,0.8,39,0.989010615215
0,0.6,30,0.994041301819
0,0.6,31,0.989194980111
0,0.6,37,0.900391173742
0,0.8,51,0.760493342186
0,0.4,38,0.8075943703
0,0.4,63,0.710998297603
0,1.0,94,0.994041301819
0,1.0,94,0.987549071208
0,1.0,111,0.866824567598
0,0.4,91,0.745910472603
0,0.6,122,0.875350981922
0,1.0,145,0.852199628506
0,0.4,145,0.651049966629
0,0.6,200,0.794794931303
0,0.6,200,0.626160047627
0,0.4,200,0.544831633509
0,0.4,201,0.543111434479
0,0.4,222,0.514534939508
0,0.4,223,0.48810049618
0,0.4,230,0.524044160451
0,0.4,241,0.429222093383
0,0.6,256,0.531307516111
0,0.4,255,0.421267776611
0,0.4,256,0.380269163517
0,0.6,340,0.457678359917
0,0.6,346,0.389469441209
0,0.6,395,0.35059764853
0,0.6,451,0.325116217
0,0.6,456,0.277332316489
0,0.6,456,0.275497684304
0,0.4,514,0.333408944767
0,0.4,514,0.296330010898
0,0.4,627,0.324486079595
0,0.4,627,0.315547334088
0,0.4,627,0.323029023907
0,0.4,627,0.312247809338
0,0.4,881,0.2797120084
0,0.4,881,0.281000540085
0,0.4,881,0.324222119659
0,0.4,881,0.312055839224
0,0.4,994,0.312545524105
0,0.6,1047,0.246303242793
0,0.6,1047,0.266920424943
0,0.6,1047,0.283964152101
0,0.6,1047,0.2815863535
0,0.6,1047,0.287125609257
0,0.6,1414,0.272761680839
0,0.6,1831,0.260270429524
0,0.6,2143,0.238012293102
0,0.6,2143,0.246522811646
0,0.6,2143,0.252714796545
0,0.6,2143,0.244785279218
0,0.6,2411,0.239260352062
0,0.6,2411,0.244165745326
0,0.6,2411,0.252185511971
0,0.4,2582,0.26216854909
0,0.6,2700,0.244971805252
0,0.4,3992,0.241458651565
0,0.4,3992,0.214696926512
0,0.4,5010,0.207965582726
0,0.4,5224,0.21105236886
0,0.4,5741,0.21205374651
0,0.4,6483,0.189399339967
0,0.4,8078,0.176890203451
0,0.4,8078,0.191016382851
0,0.6,9657,0.20348833962
0,0.6,9657,0.190191409463
0,1.0,10386,0.539807677858
0,0.6,10710,0.188361586383
0,0.6,13091,0.202196142404
0,1.0,13198,0.531075713749
0,1.0,13214,0.541378847304
0,1.0,13240,0.492604062736
0,1.0,13240,0.475594173908
0,1.0,13353,0.402814241166
0,1.0,13353,0.396819889526
0,1.0,14340,0.365697629489
0,1.0,14340,0.401530384449
0,1.0,14340,0.398273278843
0,0.8,15455,0.628570819755
0,0.4,16395,0.187542974519
0,0.8,17263,0.612214830685
0,0.8,17263,0.46258704843
0,0.8,17267,0.49286225552
0,0.8,17267,0.427256423577
0,0.8,17341,0.37836267234
0,0.8,17439,0.351623965935
0,0.8,17439,0.385623972338
0,0.8,19077,0.329316419195
0,0.8,19077,0.320041372214
0,0.8,19077,0.278995197516
0,0.8,19077,0.295054230726
0,0.8,19077,0.279389956037
0,0.8,19077,0.291889164026
0,0.8,19077,0.281060954486
0,0.8,19077,0.273811825411
0,0.8,19077,0.269276438468
0,0.8,19077,0.27506139794
0,0.8,19077,0.275392324624
0,0.8,19077,0.262673781024
0,0.8,19077,0.265063207346
0,1.0,19919,0.395016008234
0,1.0,19919,0.324899049302
0,1.0,19919,0.307886567489
0,1.0,19919,0.289958143255
0,1.0,19919,0.331038264843
0,1.0,19919,0.310247080469
0,1.0,19919,0.290973428015
0,1.0,19919,0.289912314557
0,1.0,19919,0.291161073558
0,1.0,19919,0.286536532763
0,1.0,19919,0.288082507739
0,1.0,19919,0.279152013199
0,1.0,19919,0.282911961243
0,0.8,20104,0.26520730884
0,0.8,20104,0.238542290801
0,0.8,20104,0.241492165413
0,0.8,20104,0.203553616293
0,0.8,20104,0.17632128786
0,0.8,20104,0.166289070261
0,0.8,20104,0.160338084004
0,0.8,20104,0.158661954579
0,0.8,20104,0.164895487025
0,0.8,20104,0.170661577511
0,0.8,20104,0.158866626507
0,0.8,21600,0.171284694651
0,0.8,21600,0.150573472256
0,0.4,21600,0.190318662403
1,0.6,10,0.92776721976
1,0.6,10,0.85873751035
1,0.6,10,0.856103332762
1,0.6,12,0.839874061002
1,0.6,14,0.814491308991
1,0.4,7,0.930198478485
1,0.4,7,0.865731118196
1,0.8,25,0.874670094518
1,0.8,25,0.872084043501
1,0.8,25,0.868458332202
1,0.4,8,0.658029987231
1,0.4,10,0.629339693855
1,1.0,34,0.93389555214
1,1.0,35,0.802690258522
1,0.8,29,0.846603026953
1,1.0,39,0.821660185294
1,1.0,42,0.77818629569
1,1.0,42,0.754983087414
1,1.0,46,0.736020853004
1,0.4,25,0.608852457744
1,0.6,34,0.612890223403
1,0.6,34,0.423233014338
1,0.4,47,0.566136758279
1,0.8,65,0.484166817808
1,0.8,65,0.313207878196
1,0.4,48,0.443656359568
1,0.4,60,0.469632654781
1,0.4,60,0.403987816651
1,0.4,73,0.372962937043
1,0.4,76,0.349950856616
1,0.4,82,0.253834315383
1,0.6,91,0.461745920503
1,0.8,129,0.271941134787
1,1.0,142,0.613205886173
1,0.4,139,0.182187135834
1,0.4,167,0.187194315355
1,0.6,176,0.420004382477
1,0.8,186,0.325842859374
1,0.6,199,0.326192895443
1,0.6,200,0.330465804016
1,0.4,192,0.191584230081
1,0.4,192,0.218490165219
1,0.4,192,0.238411005508
1,0.6,204,0.296753324439
1,0.6,208,0.131673922324
1,0.4,210,0.233691367243
1,0.4,210,0.228469030356
1,1.0,244,0.438181547789
1,0.4,299,0.166157169609
1,0.4,299,0.104928112781
1,0.8,385,0.352173348869
1,1.0,421,0.438245791233
1,1.0,426,0.235174014878
1,0.6,416,0.136032898903
1,0.6,416,0.134023430909
1,0.6,416,0.118172238063
1,0.6,416,0.115670596604
1,0.6,416,0.11500307164
1,0.6,416,0.101347443272
1,0.6,416,0.0840499398536
1,0.6,416,0.050017659258
1,0.8,440,0.205640755661
1,0.8,451,0.123081210734
1,0.8,454,0.0980424903814
1,0.6,451,0.0474720986519
1,0.6,451,0.047241709989
1,0.6,451,0.0471830555358
1,0.4,469,0.0807460581308
1,0.6,586,0.0464583553137
1,0.8,738,0.0896526220534
1,0.8,738,0.0623120361161
1,0.8,738,0.0447960300141
1,0.4,795,0.0876685600976
1,0.4,848,0.0706074584966
1,1.0,951,0.2379679593
1,1.0,951,0.237659975073
1,1.0,951,0.201712798368
1,1.0,951,0.201404365765
1,1.0,1053,0.199185841828
1,1.0,1053,0.197621749819
1,1.0,1053,0.201314713271
1,1.0,1053,0.185729316694
1,0.4,1051,0.0596682407626
1,0.4,1067,0.0509995152265
1,0.4,1085,0.0581803151938
1,1.0,1138,0.204663848802
1,1.0,1138,0.204147520301
1,1.0,1138,0.201959960276
1,0.6,1282,0.0458748377238
1,0.6,1326,0.0383880880823
1,0.4,1323,1.29501886137e-16
2,0.4,7,0.882086375036
2,0.4,7,0.663033660398
2,0.4,8,0.717924836992
2,0.4,18,0.428371673777
2,0.4,29,0.493508452879
2,0.4,49,0.380399239707
1,0.6,1401,0.0380864557788
2,0.4,66,0.315462554713
2,0.4,66,0.297430136245
2,0.4,66,0.244302584111
2,0.4,68,0.235602257194
2,0.4,76,0.247956589703
2,0.4,77,0.255730687951
2,0.4,80,0.216066121568
2,0.4,85,0.174825654077
2,0.4,85,0.158861189133
2,0.4,209,0.141681368756
2,0.4,243,0.129132074195
2,0.4,266,0.154326969464
2,0.4,309,0.0646332156979
2,0.4,309,0.0342201106548
2,0.4,464,0.0145133303236
2,0.4,479,8.38840346639e-17
3,0.4,3,0.794347875568
3,0.4,4,0.771377036817
3,0.4,5,0.773664442097
3,0.4,6,0.662632688727
3,0.4,6,0.65570004582
3,0.4,47,0.530977003892
3,0.4,48,0.418416276135
3,0.4,61,0.398541450729
3,0.4,73,0.42397622237
3,0.4,76,0.42001240687
3,0.4,76,0.278795118474
3,0.4,81,0.23242519226
1,0.6,1935,0.0260613706248
1,0.6,1935,0.0029777556851
3,0.4,117,0.35361088956
3,0.4,190,0.144755601378
3,0.4,190,0.143223539766
3,0.4,190,0.122442054718
1,0.6,2066,3.96411875693e-16
2,0.6,12,0.772569144871
2,0.6,12,0.470537653471
2,0.6,14,0.394668468829
3,0.4,287,0.151659470857
3,0.4,287,0.131175804924
3,0.4,312,0.130700703095
3,0.4,351,0.0949193480719
2,0.6,116,0.354968565001
2,0.6,144,0.345303524123
3,0.4,398,0.0763376762332
2,0.6,146,0.312890973849
2,0.6,148,0.352781116455
3,0.4,412,0.0577200826358
2,0.6,171,0.290569429242
2,0.6,171,0.261201540107
2,0.6,182,0.228237988729
2,0.6,192,0.260374825896
2,0.6,193,0.262291966879
2,0.6,193,0.262540286309
2,0.6,208,0.268327461494
2,0.6,208,0.226730486521
3,0.4,462,1.34587855342e-16
2,0.6,210,0.163156860595
2,0.6,216,0.170157036415
2,0.6,216,0.0187526942252
2,0.6,218,0.0139130222567
4,0.4,13,0.747604071193
4,0.4,16,0.744877424905
4,0.4,20,0.745933655383
4,0.4,78,0.710092918298
2,0.6,305,0.00921649443909
2,0.6,305,1.14483361556e-16
3,0.6,5,0.823088361509
4,0.4,104,0.415237325579
3,0.6,7,0.655120759415
3,0.6,9,0.619626090321
4,0.4,120,0.376001536336
4,0.4,121,0.372639335828
4,0.4,124,0.371867815408
4,0.4,127,0.379352613297
4,0.4,131,0.301134475095
4,0.4,136,0.335474916545
4,0.4,137,0.275551496922
3,0.6,53,0.386511307823
4,0.4,207,0.303942156472
4,0.4,207,0.291651769463
4,0.4,207,0.273810795522
4,0.4,207,0.272826255819
3,0.6,154,0.37257949363
3,0.6,157,0.209782361142
3,0.6,161,0.209996507312
3,0.6,165,0.200271746777
3,0.6,166,0.151351382145
3,0.6,167,0.137082711893
3,0.6,176,0.151218916314
4,0.4,355,0.257969550168
4,0.4,355,0.240284663988
4,0.4,355,0.242316395687
4,0.4,355,0.235063296172
3,0.6,283,0.0978967662014
4,0.4,429,0.233884161406
3,0.6,340,0.10162022531
3,0.6,367,0.0994846861714
3,0.6,367,0.121438457417
3,0.6,367,0.0995906845473
3,0.6,423,0.120328829869
3,0.6,423,0.118409633499
4,0.4,528,0.209707010487
4,0.4,528,0.216942367797
4,0.4,528,0.209919890337
3,0.6,665,0.0904102251003
3,0.6,665,0.0623212022466
3,0.6,925,0.0549198584608
3,0.6,925,0.0437019977371
3,0.6,1055,0.0383742119601
3,0.6,1139,0.0361197360393
3,0.6,1169,0.0305405834911
3,0.6,1242,0.0211057000457
3,0.6,1323,0.0149058988319
3,0.6,1332,0.0103972121894
3,0.6,1344,0.00766244666977
3,0.6,1357,1.85026370259e-16
4,0.6,16,0.889995264869
4,0.6,16,0.887032094492
4,0.6,21,0.859144609749
4,0.6,56,0.496778396966
4,0.6,93,0.454700553729
4,0.6,225,0.357168131819
4,0.6,228,0.3340624751
4,0.6,279,0.392764738534
4,0.6,283,0.303666814114
4,0.6,289,0.266218375927
4,0.6,310,0.262019615518
4,0.6,348,0.296776114894
4,0.6,539,0.226626335772
4,0.6,539,0.228638669098
4,0.6,539,0.228123526816
4,0.6,539,0.227868202239
4,0.6,539,0.222559947644
4,0.6,539,0.194514578238
4,0.6,539,0.185517141283
4,0.6,539,0.165500167973
4,0.6,612,0.156934084883
4,0.6,842,0.160993521991
4,0.6,2043,0.155869687382
4,0.4,3750,0.135798752236
4,0.6,2405,0.156988516015
4,0.6,2405,0.157979269277
1,0.8,6444,3.38356734621e-16
2,0.8,26,0.756977213296
2,0.8,26,0.607948434615
2,0.8,33,0.592535211717
2,0.8,65,0.468570793716
4,0.4,4282,0.143005498675
1,1.0,6692,0.205131699109
1,1.0,6692,0.200651550419
1,1.0,6692,0.199857030801
1,1.0,6692,0.103336750669
1,1.0,6692,0.10290434376
1,1.0,6692,0.0917014792123
1,1.0,6692,0.0892864636244
1,1.0,6692,0.0886704463697
1,1.0,6692,0.0868423037119
1,1.0,6692,0.0868422505875
1,1.0,6692,0.0867093379878
1,1.0,6692,0.0812019381603
1,1.0,6692,0.105961952345
1,1.0,6692,0.071273408252
2,0.8,1182,0.483143756685
4,0.4,5419,0.137657666098
4,0.4,5685,0.134353747279
4,0.4,5937,0.11892086129
4,0.4,6503,0.119565683995
4,0.4,7788,0.133764996366
4,0.4,8485,0.117403136968
4,0.4,8827,0.114661121558
2,0.8,4976,0.326821514046
4,0.6,8194,0.147100894537
4,0.6,8194,0.138855981138
1,1.0,12273,0.0672591446022
4,0.6,8912,0.111185363416
4,0.6,8912,0.127386822994
4,0.6,8912,0.106890628806
2,0.8,6273,0.297852062626
2,0.8,6273,0.267857950217
2,0.8,6285,0.220085660633
2,0.8,6288,0.209387414554
2,0.8,6291,0.160912949601
2,0.8,6291,0.146962544089
4,0.6,9228,0.11121951834
2,0.8,6561,0.144232350214
2,0.8,6708,0.104022976292
2,0.8,6708,0.0722222833677
2,0.8,6708,0.0442028844561
2,0.8,7066,0.0401110045136
2,0.8,7066,0.0353693811684
2,0.8,7066,0.03640100996
2,0.8,7066,0.0188884834259
2,0.8,7066,0.00826306397987
4,0.6,9807,0.104564128497
4,0.4,11311,0.106539405737
2,0.8,7166,8.83460590767e-17
3,0.8,18,0.903430176835
3,0.8,21,0.738901576938
3,0.8,52,0.276890748891
3,0.8,209,0.355196963081
4,0.6,10113,0.0792584592496
3,0.8,305,0.314817949456
3,0.8,344,0.357056746929
3,0.8,348,0.334620985343
3,0.8,349,0.213753849429
3,0.8,358,0.139370122553
3,0.8,362,0.166804825669
3,0.8,366,0.157475614568
3,0.8,650,0.114200493501
4,0.6,11380,0.0769266840952
4,0.6,11380,0.0716578957145
3,0.8,1535,0.116541761378
3,0.8,1895,0.0638051143157
3,0.8,2095,0.0570010497043
3,0.8,2095,0.0435345585811
3,0.8,2095,0.042942833429
4,0.6,12055,0.0715444646745
4,0.6,12055,0.0624935480072
3,0.8,2311,0.0452248419475
3,0.8,2311,0.045015107614
4,0.6,12448,0.0617431605594
4,0.6,12854,0.0609278701524
4,0.6,13252,0.0600181991194
3,0.8,5928,0.0275431913715
3,0.8,6491,4.46380889412e-16
4,0.8,54,0.790636403965
4,0.8,63,0.86638492696
4,0.8,83,0.867154197613
4,0.8,215,0.75889269633
4,0.8,323,0.628193976025
4,0.8,623,0.489022239989
2,1.0,29,0.88941569881
2,1.0,29,0.663033660398
2,1.0,36,0.850313910678
2,1.0,99,0.610159713663
2,1.0,153,0.422712190457
2,1.0,200,0.329784465694
2,1.0,346,0.342609850806
2,1.0,354,0.227748191589
2,1.0,361,0.226110449968
2,1.0,361,0.196575871276
2,1.0,369,0.162769927183
2,1.0,378,0.17192898668
2,1.0,401,0.0864545161929
2,1.0,417,0.0533217034003
4,0.8,2925,0.4310501878
4,0.4,20758,0.105448537111
4,0.8,3474,0.229340245811
4,0.8,3483,0.232984262388
4,0.8,3548,0.222749917736
4,0.8,3557,0.264484995947
4,0.8,3557,0.248428941302
4,0.8,3564,0.249054809267
4,0.8,3616,0.208821882771
4,0.8,3622,0.192784594297
4,0.8,3622,0.159434061046
4,0.4,21600,0.100080576212
5,0.4,7,0.993863132817
5,0.4,7,0.987774684931
5,0.4,8,0.875643663545
5,0.4,8,0.799728732136
5,0.4,15,0.641032921768
5,0.4,23,0.606784505011
5,0.4,42,0.483472716932
5,0.4,42,0.482957152057
5,0.4,57,0.42212875064
5,0.4,58,0.261045202879
5,0.4,64,0.20487337618
5,0.4,65,0.222045314628
5,0.4,70,0.133321720755
5,0.4,72,0.0167331381013
5,0.4,72,0.00906378313818
5,0.4,85,3.19937133685e-16
6,0.4,14,0.806617982419
6,0.4,16,0.886586864895
6,0.4,34,0.726811135131
6,0.4,70,0.534359288964
6,0.4,70,0.492794206647
6,0.4,84,0.521567969874
6,0.4,126,0.448621894632
6,0.4,146,0.395623415148
6,0.4,153,0.323289610666
6,0.4,162,0.350953159047
6,0.4,342,0.311775208783
6,0.4,342,0.301968114746
6,0.4,342,0.310073240444
6,0.4,342,0.271977837512
6,0.4,342,0.236155349231
6,0.4,374,0.2325396072
6,0.4,374,0.231107018588
6,0.4,374,0.220069672198
4,0.8,4296,0.170856602028
6,0.4,435,0.205089462348
6,0.4,435,0.208861736597
2,1.0,3190,0.0293696799648
2,1.0,3190,0.0287496282361
2,1.0,3190,0.0137717732998
2,1.0,3190,0.0110174186398
5,0.6,9,0.658456467679
5,0.6,9,0.649098487598
5,0.6,10,0.655350521763
5,0.6,23,0.511820371707
5,0.6,60,0.500692277848
5,0.6,83,0.459141077232
5,0.6,85,0.433678255474
5,0.6,86,0.352310862461
5,0.6,118,0.335574220665
5,0.6,118,0.296208922572
5,0.6,119,0.2934503772
5,0.6,119,0.270006509973
5,0.6,123,0.288311537609
5,0.6,125,0.240768691743
5,0.6,132,0.183373908888
5,0.6,134,0.185442235049
5,0.6,136,0.0842903868912
5,0.6,137,0.0287251523159
5,0.6,244,0.00906378313818
5,0.6,289,1.95403091989e-16
6,0.6,15,0.786813751256
6,0.6,16,0.78218997542
6,0.6,104,0.811676521037
6,0.6,105,0.804308930409
6,0.6,176,0.534889651628
6,0.6,350,0.375282798127
6,0.6,353,0.313503569861
6,0.6,389,0.287944465144
6,0.6,400,0.25180702736
6,0.6,449,0.240203542927
6,0.6,452,0.22920340626
6,0.6,452,0.215312306124
6,0.6,759,0.233267354443
6,0.6,841,0.193165539085
6,0.6,841,0.193553810141
6,0.6,841,0.17959150308
6,0.6,1147,0.170216180353
6,0.6,1147,0.161460770607
6,0.6,1389,0.163340311332
4,0.8,7261,0.14557006098
4,0.8,7261,0.131752952017
4,0.8,7261,0.121995177173
4,0.8,7261,0.127585597514
4,0.8,7261,0.124238367919
4,0.8,7261,0.111195937113
6,0.6,2246,0.114242654136
6,0.6,2413,0.118348645331
6,0.4,5191,0.211381281852
6,0.4,5191,0.190327975503
6,0.4,5666,0.157782282004
6,0.4,5909,0.137471198695
6,0.4,6403,0.0840944188468
4,0.8,11074,0.120449385538
4,0.8,11074,0.109558170289
4,0.8,11074,0.0893036563453
6,0.4,7691,0.0134762511067
6,0.4,8263,0.0142338909789
6,0.4,8875,0.0115486847958
6,0.6,7736,0.0950064922989
6,0.6,8403,0.105734846154
6,0.6,8403,0.101159651872
6,0.6,8755,0.0592893016473
4,0.8,14619,0.075508350305
4,0.8,14619,0.075315802967
4,0.8,14619,0.0740105419413
6,0.6,9177,0.0570223775344
6,0.6,10213,0.049710857303
6,0.6,11633,0.0414116411791
6,0.6,12152,0.0316308794859
6,0.6,12691,0.0313327744961
4,0.8,18313,0.0611182175435
6,0.6,13275,0.024382714116
6,0.6,13924,0.0226388076484
2,1.0,18555,0.0088810281664
2,1.0,19340,8.08220669409e-17
3,1.0,36,0.9423640548
3,1.0,37,0.917368033205
3,1.0,37,0.885942098042
3,1.0,42,0.785964380566
3,1.0,46,0.727370597543
3,1.0,92,0.384337981449
3,1.0,438,0.369865437063
3,1.0,440,0.324065542126
6,0.6,15802,0.0103782496801
3,1.0,525,0.292070631957
3,1.0,610,0.225080760691
3,1.0,699,0.250312056659
4,0.8,21600,0.0597504698884
4,0.8,21600,0.0596974639332
5,0.8,25,0.993863132817
5,0.8,26,0.987774684931
5,0.8,29,0.977616796565
5,0.8,29,0.853871026999
5,0.8,49,0.776986848227
5,0.8,85,0.734610726381
5,0.8,113,0.549580968322
5,0.8,143,0.366226241387
5,0.8,192,0.241511165223
5,0.8,194,0.224365938422
5,0.8,244,0.260020846133
5,0.8,259,0.182097445683
5,0.8,262,0.154612948733
5,0.8,291,0.162106057045
5,0.8,293,0.111080669613
3,1.0,1230,0.123129453691
3,1.0,1230,0.137545146903
5,0.8,471,0.124605493589
5,0.8,471,0.124271484165
3,1.0,1328,0.137296218676
3,1.0,1328,0.108846545936
5,0.8,588,0.0708492204276
5,0.8,588,0.0670226517206
5,0.8,651,0.0608367031558
5,0.8,651,0.038132926282
5,0.8,774,0.0247991507214
5,0.8,774,0.00906378313818
5,0.8,774,3.55764317636e-16
6,0.8,42,0.982741315944
6,0.8,43,0.909126601311
6,0.8,43,0.877956420941
6,0.8,53,0.909049524605
6,0.8,61,0.868376866061
6,0.8,129,0.761266354223
6,0.8,130,0.753301075562
6,0.6,17010,0.00930836505965
6,0.6,18140,0.0043324103481
6,0.8,1388,0.717719204755
3,1.0,3093,0.106436588143
7,0.4,8,0.987481031126
7,0.4,9,0.761692254177
7,0.4,11,0.789544750154
7,0.4,13,0.766374249387
7,0.4,27,0.414013034782
7,0.4,38,0.277746849682
7,0.4,109,0.279228920366
7,0.4,109,0.214547795111
7,0.4,110,0.196825808081
7,0.4,111,0.167734892447
7,0.4,139,0.180356753882
7,0.4,348,0.199597833806
7,0.4,348,0.167254237103
7,0.4,348,0.123465872785
7,0.4,348,0.144772851496
7,0.4,410,0.10213193416
7,0.4,410,0.0889880069965
7,0.4,410,0.0628119626379
7,0.4,410,0.0570356712853
6,0.6,20633,6.53802129125e-17
7,0.6,17,0.962189844685
7,0.6,17,0.866134738394
7,0.6,17,0.85241603989
7,0.6,19,0.684897033015
7,0.6,77,0.45036960158
7,0.6,149,0.427458963256
7,0.6,174,0.38633104198
7,0.6,203,0.284835923181
7,0.4,967,0.0442037493195
7,0.4,982,0.0590212270811
7,0.6,283,0.307512187339
7,0.6,284,0.206354740347
7,0.6,306,0.224273074212
7,0.6,306,0.214817346379
7,0.4,1020,0.00867984468429
7,0.6,328,0.183462776087
7,0.6,332,0.167693674877
7,0.6,334,0.172362291671
7,0.6,336,0.172775923991
7,0.6,336,0.165282752192
7,0.6,340,0.190037775571
7,0.4,1071,0.00559916450084
7,0.6,644,0.18194621419
7,0.6,644,0.136716045989
7,0.6,644,0.124543344215
7,0.6,644,0.101397107636
7,0.6,644,0.0824995439522
7,0.6,644,0.0899345502508
7,0.6,644,0.0551497841373
7,0.6,644,0.0550107819896
7,0.6,644,0.0344372871391
7,0.6,790,0.0302699538941
7,0.4,1689,0.0062441132999
7,0.6,1281,0.0295261513922
7,0.4,2273,8.86411219284e-17
8,0.4,10,0.74076878194
8,0.4,17,0.616761898732
8,0.4,65,0.630678682948
8,0.4,82,0.504975750258
7,0.6,1700,0.0437901461468
7,0.6,1700,0.0432793300184
8,0.4,167,0.497763639272
8,0.4,167,0.496731063685
8,0.4,183,0.39408110453
8,0.4,184,0.376962150461
8,0.4,184,0.369911300785
8,0.4,288,0.418623813732
8,0.4,333,0.326867159743
8,0.4,333,0.288614135649
8,0.4,333,0.274446104114
8,0.4,374,0.259630526055
8,0.4,374,0.229598825812
8,0.4,374,0.194448182401
8,0.4,451,0.206331417985
6,0.8,5843,0.699080063289
8,0.4,506,0.206213074136
8,0.4,506,0.217930911048
8,0.4,506,0.217157241761
6,0.8,5874,0.481189406427
8,0.4,807,0.204095694564
6,0.8,7443,0.4190700009
6,0.8,7443,0.323584828718
6,0.8,7504,0.397644107676
6,0.8,7524,0.341510465166
6,0.8,7552,0.403551892369
6,0.8,7552,0.403142093637
6,0.8,7552,0.246826286868
6,0.8,7568,0.258169279781
6,0.8,7830,0.210050964314
6,0.8,8013,0.21047805401
6,0.8,8013,0.161991792462
6,0.8,8013,0.164998112493
8,0.4,3070,0.0656691825529
6,0.8,8464,0.161524978737
6,0.8,8464,0.164357667419
6,0.8,8464,0.150072307301
8,0.4,3963,0.0435631247446
3,1.0,12494,0.106208615098
6,0.8,11307,0.123009886656
6,0.8,11307,0.102031640336
6,0.8,11307,0.106710270862
6,0.8,11307,0.10153690947
6,0.8,11307,0.12780949456
6,0.8,11307,0.112144534515
6,0.8,11307,0.11300917858
3,1.0,14235,0.00659143898024
3,1.0,14235,0.0106563827858
3,1.0,14839,2.33033211301e-16
4,1.0,57,0.887032094492
4,1.0,57,0.711078569193
7,0.6,13636,0.0228417060889
7,0.6,15526,5.11601875623e-17
8,0.6,18,0.891866417153
8,0.6,18,0.767233516163
8,0.6,21,0.760370759283
8,0.6,28,0.72892903875
8,0.6,66,0.673415661852
8,0.6,83,0.520559990573
8,0.6,134,0.439508297854
8,0.6,160,0.293876893824
8,0.6,222,0.275757706607
8,0.6,266,0.274447571323
8,0.6,797,0.232329608037
8,0.6,797,0.235773413072
8,0.6,797,0.221475152868
8,0.6,1167,0.244334989736
8,0.6,1371,0.211760784564
8,0.6,1371,0.180085307892
8,0.6,1560,0.179085166027
8,0.6,1560,0.1701864384
8,0.6,1560,0.165697058024
8,0.6,1560,0.120724883944
8,0.6,1560,0.119764031606
8,0.6,1690,0.119479207483
7,0.8,50,0.804556670121
7,0.8,50,0.690227981187
7,0.8,113,0.656626195606
7,0.8,190,0.629623392255
7,0.8,191,0.580755982267
7,0.8,339,0.306700926589
7,0.8,724,0.278917772396
4,1.0,9552,0.490159557764
8,0.4,18512,0.0374317592531
8,0.6,5343,0.118663834869
8,0.6,5343,0.119643097018
7,0.8,3362,0.195796235691
7,0.8,3370,0.16072192176
4,1.0,12320,0.422134940474
4,1.0,12320,0.437837851385
4,1.0,12325,0.389055537083
4,1.0,12325,0.301525543185
4,1.0,12352,0.251260263767
4,1.0,12407,0.277489385025
4,1.0,12441,0.27870608101
7,0.8,4294,0.143264900173
7,0.8,4301,0.1452803359
7,0.8,4301,0.157602625512
7,0.8,4306,0.118122505841
7,0.8,4306,0.114816392184
7,0.8,4310,0.112394179295
7,0.8,4325,0.1107241873
7,0.8,4337,0.104913604581
8,0.6,6762,0.119593670191
8,0.6,6762,0.115600741646
4,1.0,13047,0.207910652338
4,1.0,13047,0.238317487462
4,1.0,13047,0.244376708979
8,0.6,7074,0.10221885325
7,0.8,4849,0.0996942721908
4,1.0,13420,0.220912884376
4,1.0,13420,0.225861885008
4,1.0,13420,0.224780277161
4,1.0,13420,0.219211629098
4,1.0,13420,0.192196034114
4,1.0,13420,0.183623145253
9,0.4,6,0.969593061156
9,0.4,6,0.959463520705
9,0.4,8,0.707167888976
9,0.4,8,0.864403351927
9,0.4,26,0.714637533978
9,0.4,35,0.605297617329
9,0.4,35,0.450630801274
9,0.4,62,0.276579378088
9,0.4,62,0.263951014617
9,0.4,90,0.217089945967
9,0.4,90,0.216973353137
9,0.4,92,0.178164509775
9,0.4,100,0.139367155764
9,0.4,281,0.105367618071
9,0.4,325,0.0145791746785
9,0.4,325,0.0142883363914
9,0.4,395,0.0110830464297
9,0.4,395,0.0119757858231
8,0.6,8507,0.0985523622561
8,0.6,8919,0.0971315131911
9,0.4,1351,9.47772539849e-17
10,0.4,10,0.947127036584
10,0.4,10,0.929158828879
10,0.4,12,0.881107592661
10,0.4,14,0.799095099566
10,0.4,23,0.800035218225
10,0.4,33,0.695323607289
10,0.4,34,0.594740717112
10,0.4,39,0.633321657076
10,0.4,49,0.532359252126
10,0.4,65,0.565444992429
10,0.4,76,0.548962323021
10,0.4,76,0.55937021627
10,0.4,79,0.44871934551
10,0.4,82,0.412072181089
10,0.4,85,0.387375797132
10,0.4,89,0.307335414279
10,0.4,91,0.226617061391
10,0.4,91,0.216752744467
10,0.4,99,0.18208553909
10,0.4,99,0.144007637401
10,0.4,100,0.151143114255
10,0.4,230,0.103457082352
10,0.4,277,0.0938431809154
10,0.4,498,0.0876385353556
10,0.4,506,0.0913581735624
10,0.4,506,0.097239734382
10,0.4,554,0.0553589028461
10,0.4,566,0.0550879565235
10,0.4,693,0.00798850651763
8,0.6,9774,0.0961580574689
10,0.4,807,0.00555722192531
7,0.8,7898,0.0838714887012
7,0.8,7898,0.0759578084251
7,0.8,7898,0.0772499052231
8,0.6,10725,0.0932868681122
10,0.4,1859,0.00186687924053
10,0.4,1918,1.04705979807e-16
11,0.4,17,0.755470395575
11,0.4,22,0.859235923037
11,0.4,40,0.514545780466
11,0.4,109,0.56781192095
11,0.4,112,0.465210724093
11,0.4,136,0.502400797849
11,0.4,148,0.520107902918
11,0.4,156,0.537813136065
11,0.4,158,0.401943949209
11,0.4,158,0.40418141378
11,0.4,160,0.383516787843
11,0.4,160,0.344029962502
11,0.4,163,0.401510174292
11,0.4,169,0.279632598931
11,0.4,171,0.272806938135
11,0.4,174,0.301930767943
11,0.4,179,0.226679550832
11,0.4,436,0.190344369222
11,0.4,436,0.188803312013
11,0.4,436,0.178467089091
11,0.4,436,0.16718337843
11,0.4,436,0.143193491985
11,0.4,436,0.135748865664
11,0.4,436,0.134940359234
11,0.4,525,0.136654370063
11,0.4,882,0.132527360084
11,0.4,882,0.132426052085
11,0.4,908,0.0944333012704
11,0.4,922,0.0840104517288
11,0.4,967,0.070141011442
11,0.4,967,0.0802395622265
11,0.4,1003,0.0685229509554
11,0.4,1021,0.06843125976
11,0.4,1021,0.066736698844
11,0.4,1045,0.0484460236361
11,0.4,1068,0.0449605542771
11,0.4,1127,0.0485509136443
11,0.4,1127,0.0326818973271
11,0.4,1228,0.031010599104
11,0.4,1431,0.0286804774834
8,0.6,13396,0.0932521756741
4,1.0,19577,0.185792116383
4,1.0,19577,0.191632566209
4,1.0,19577,0.185063473009
4,1.0,19577,0.182310559186
4,1.0,19577,0.181313796043
4,1.0,19577,0.181880235294
4,1.0,19577,0.168541001433
4,1.0,19577,0.177818062711
4,1.0,19577,0.159602602654
4,1.0,19577,0.166913084389
4,1.0,19577,0.167097801561
4,1.0,19577,0.162313034369
4,1.0,19577,0.165222008943
7,0.8,11589,0.0765031561007
7,0.8,11589,0.0597524070142
5,1.0,41,0.993863132817
5,1.0,41,0.987774684931
5,1.0,47,0.894931181545
5,1.0,50,0.679760945147
5,1.0,53,0.675659729806
5,1.0,83,0.361702341293
8,0.6,15836,0.0465400384608
5,1.0,292,0.347547359232
5,1.0,349,0.291615904826
5,1.0,405,0.252873094394
5,1.0,906,0.248293631331
8,0.6,16512,0.0405313560599
5,1.0,961,0.231821213435
5,1.0,961,0.232710680045
5,1.0,1057,0.221413919701
5,1.0,1105,0.0639968475326
5,1.0,1105,0.0392691020495
5,1.0,1105,0.019736521863
5,1.0,1138,6.84980707795e-16
6,1.0,42,0.982741315944
6,1.0,42,0.95397945152
6,1.0,51,0.918523358949
6,1.0,2159,0.909497484801
6,1.0,2430,0.814298956769
6,1.0,2856,0.731921050809
6,1.0,2860,0.640855068883
6,1.0,2944,0.541896369908
6,1.0,2951,0.471836758114
6,1.0,2978,0.384315952237
6,1.0,3011,0.320582955937
6,1.0,3180,0.357912411506
6,1.0,3196,0.302027531658
6,1.0,3196,0.250274174825
8,0.6,20194,0.0390725630215
6,1.0,3521,0.264440941028
7,0.8,19067,0.054248570575
7,0.8,19067,0.0653094124096
9,0.6,9,0.990181570885
9,0.6,9,0.902378830573
9,0.6,12,0.833471908804
9,0.6,15,0.794629515963
9,0.6,63,0.444911459535
9,0.6,99,0.364534683435
9,0.6,135,0.344371787659
9,0.6,137,0.247463864076
9,0.6,180,0.198092361475
9,0.6,185,0.161092993136
9,0.6,187,0.134212539635
9,0.6,356,0.0870207281676
9,0.6,356,0.0878565894629
9,0.6,356,0.0596907853942
11,0.4,12112,0.0119462328664
11,0.4,12826,1.91950205072e-16
12,0.4,14,0.938629477805
12,0.4,16,0.784002391968
12,0.4,44,0.461784839702
8,0.8,25,0.864803557827
8,0.8,25,0.74076878194
8,0.8,34,0.461428548562
8,0.8,55,0.428912276131
12,0.4,244,0.481732808809
12,0.4,247,0.494641886141
12,0.4,249,0.416244302662
12,0.4,251,0.311017371081
12,0.4,254,0.23938792005
12,0.4,281,0.233900750812
12,0.4,281,0.211489113822
12,0.4,455,0.152765895765
12,0.4,455,0.142778712116
12,0.4,455,0.135247935728
12,0.4,505,0.109577277307
12,0.4,505,0.105727074959
9,0.6,2858,0.0698416670831
9,0.6,3287,0.0736576380263
9,0.6,3287,6.6557031207e-17
10,0.6,12,0.98644084319
10,0.6,12,0.968703290306
10,0.6,12,0.974868878925
10,0.6,15,0.781738532395
10,0.6,17,0.778930520774
10,0.6,35,0.728337526457
10,0.6,35,0.720116723909
10,0.6,91,0.636712637185
10,0.6,91,0.553978309922
10,0.6,249,0.461992127329
10,0.6,271,0.46424189811
10,0.6,271,0.372002080879
10,0.6,271,0.362303215043
10,0.6,324,0.277727384143
10,0.6,333,0.297335454228
10,0.6,337,0.270055302392
10,0.6,337,0.204909813908
10,0.6,339,0.179158422637
10,0.6,342,0.112414345832
8,0.8,1347,0.420996484118
10,0.6,533,0.10725589314
10,0.6,623,0.103525173367
6,1.0,8906,0.218971968849
6,1.0,8906,0.203800670904
6,1.0,8906,0.174664546688
6,1.0,8906,0.159585407592
6,1.0,8906,0.155390334319
6,1.0,8906,0.155765297028
6,1.0,8906,0.156993997203
6,1.0,8906,0.151681019025
10,0.6,968,0.10302710251
10,0.6,968,0.0982716620986
12,0.4,3551,0.100388388694
12,0.4,3551,0.120083998693
12,0.4,3706,0.0907088271996
12,0.4,4566,0.010316223106
12,0.4,5502,2.69892668146e-16
8,0.8,5363,0.406753659495
13,0.4,8,0.80805540518
13,0.4,11,0.779739516565
13,0.4,58,0.663681176628
13,0.4,101,0.515741646428
13,0.4,121,0.507796555381
13,0.4,121,0.434035037892
13,0.4,124,0.293589177325
13,0.4,129,0.273027865467
13,0.4,129,0.217949221073
13,0.4,236,0.229980873108
13,0.4,304,0.231054545936
13,0.4,304,0.243989930647
13,0.4,304,0.197360615203
13,0.4,304,0.184886898551
13,0.4,384,0.154882381615
13,0.4,384,0.191164421994
13,0.4,384,0.189684353754
13,0.4,384,0.167524845929
13,0.4,384,0.178422989149
13,0.4,490,0.194303485878
13,0.4,490,0.193505058715
13,0.4,490,0.162042756813
13,0.4,490,0.153936165652
13,0.4,490,0.153463536158
10,0.6,4961,0.0954984596609
13,0.4,699,0.167910319156
10,0.6,5814,0.0945133565856
8,0.8,6874,0.354220701434
8,0.8,6878,0.323647765322
8,0.8,6888,0.307527173571
8,0.8,6892,0.299187819873
8,0.8,6937,0.284771344672
8,0.8,6937,0.277450706315
8,0.8,6944,0.270351795985
10,0.6,6772,0.0150602757788
10,0.6,7086,0.00186687924053
13,0.4,2731,0.146241764445
13,0.4,2731,0.1429803257
10,0.6,7657,3.73850855175e-17
11,0.6,19,0.776944080228
11,0.6,19,0.639107487798
11,0.6,23,0.611668582431
11,0.6,28,0.59858482991
11,0.6,127,0.531665432382
11,0.6,197,0.327412861659
13,0.4,3899,0.13556767359
11,0.6,604,0.269310436491
11,0.6,633,0.20625986502
11,0.6,641,0.24603869979
13,0.4,4262,0.134874902833
11,0.6,983,0.202416815508
11,0.6,983,0.212758005128
11,0.6,983,0.194686148639
11,0.6,983,0.184041514958
11,0.6,983,0.139564748614
11,0.6,1190,0.134316328047
11,0.6,1245,0.133073053725
11,0.6,1245,0.129041356037
11,0.6,1245,0.124680985337
11,0.6,1416,0.122582990009
11,0.6,1600,0.123587891871
8,0.8,10407,0.15205935415
8,0.8,10407,0.150452652276
8,0.8,10407,0.107983435267
8,0.8,10407,0.119798537227
8,0.8,10407,0.119933640219
8,0.8,10407,0.119146889778
8,0.8,10407,0.0999813845817
8,0.8,10407,0.100337869444
8,0.8,10407,0.0973951546653
8,0.8,10407,0.0967096979746
8,0.8,10407,0.0769016906287
13,0.4,5505,0.119208032147
13,0.4,6173,0.114832859841
13,0.4,6438,0.0921961614933
13,0.4,6690,0.0985405391818
13,0.4,7236,0.092948189462
13,0.4,8126,0.0888451992923
8,0.8,14123,0.0891124033621
7,1.0,51,0.987481031126
7,1.0,52,0.894147009541
7,1.0,52,0.866134738394
7,1.0,59,0.788653582553
7,1.0,71,0.815050058831
7,1.0,259,0.711922320655
7,1.0,260,0.673529423348
13,0.4,11016,0.0804317559532
13,0.4,11424,0.0697870438988
7,1.0,2536,0.620977507815
7,1.0,2539,0.577624278109
13,0.4,11867,0.0653360402568
11,0.6,9101,0.147956613513
11,0.6,9101,0.0917660702093
13,0.4,12801,0.065067048013
11,0.6,9896,0.077175268385
13,0.4,13295,0.0644527741103
11,0.6,10235,0.0743234288611
11,0.6,10687,0.071057324118
11,0.6,10687,0.059678250826
11,0.6,11152,0.058733406542
9,0.8,18,0.868561027279
9,0.8,22,0.464304659695
9,0.8,124,0.385687069556
9,0.8,208,0.466731772445
9,0.8,1187,0.449081646204
11,0.6,14429,0.031211941444
13,0.4,17747,0.0642393762047
7,1.0,9304,0.268896076317
11,0.6,16487,0.0293968903052
11,0.6,17256,0.013648691702
7,1.0,11672,0.264951367325
7,1.0,11672,0.21843188935
7,1.0,11695,0.196133368377
7,1.0,11700,0.180613078946
7,1.0,11730,0.186836983308
7,1.0,11760,0.247883537741
7,1.0,11765,0.140324485104
7,1.0,12166,0.0840397708061
7,1.0,12166,0.0871200408687
9,0.8,5154,0.313746398086
14,0.4,4,0.732730055164
14,0.4,5,0.634572069689
14,0.4,7,0.612341753471
14,0.4,37,0.631989909913
14,0.4,79,0.550994227999
14,0.4,82,0.393395613596
14,0.4,102,0.304163557676
14,0.4,106,0.319032085704
14,0.4,116,0.271575892873
14,0.4,117,0.207380448037
14,0.4,117,0.211925637627
14,0.4,313,0.140806791993
14,0.4,313,0.127678238054
14,0.4,313,0.12151886697
14,0.4,313,0.115453775008
14,0.4,337,0.0515423511191
14,0.4,651,0.036970786007
14,0.4,662,0.0193239797704
14,0.4,677,4.19933715194e-17
15,0.4,23,0.960958678081
15,0.4,25,0.755496182394
15,0.4,47,0.719075033226
15,0.4,108,0.587672541835
15,0.4,203,0.561739919921
15,0.4,203,0.536706123212
15,0.4,211,0.536180689614
15,0.4,213,0.501445288429
15,0.4,240,0.448158093568
15,0.4,244,0.410431228188
15,0.4,254,0.35464522052
15,0.4,535,0.329713743479
15,0.4,535,0.261903329521
15,0.4,602,0.26815198996
9,0.8,6764,0.236922665992
9,0.8,6792,0.233887967216
9,0.8,6795,0.201740235193
9,0.8,6811,0.172511473014
9,0.8,6811,0.165264881916
9,0.8,6820,0.167090109727
9,0.8,6820,0.237046568797
15,0.4,783,0.253482136218
9,0.8,7177,0.15737106325
9,0.8,7177,0.121217081853
9,0.8,7177,0.119598673709
7,1.0,14741,0.118485104751
7,1.0,14741,0.0710329827162
9,0.8,7988,0.114735983334
9,0.8,7988,0.101050433675
9,0.8,8654,0.0857787729042
12,0.6,16,0.938629477805
12,0.6,18,0.644896313608
12,0.6,25,0.703439296334
12,0.6,114,0.637473445052
12,0.6,169,0.679271732806
12,0.6,283,0.605692020457
12,0.6,287,0.537944381242
12,0.6,312,0.428519931152
12,0.6,323,0.419743241629
12,0.6,327,0.29775394804
12,0.6,335,0.272178182197
12,0.6,354,0.274836889044
12,0.6,356,0.31626271376
12,0.6,360,0.264102293701
12,0.6,927,0.231153411099
12,0.6,927,0.249239163175
12,0.6,1277,0.21610788766
12,0.6,1277,0.215106677797
12,0.6,1277,0.180418946204
12,0.6,1277,0.108837128656
12,0.6,1277,0.106510246515
12,0.6,1469,0.103322067301
12,0.6,1469,0.100868040677
12,0.6,1469,0.102288548808
12,0.6,1469,0.0467280186604
12,0.6,1469,0.035153904431
12,0.6,1628,0.0274889665877
12,0.6,1628,0.0280624255778
12,0.6,1628,0.0198760314186
12,0.6,1628,0.0139064162842
12,0.6,1628,0.00631052842797
12,0.6,1628,0.00260276382665
12,0.6,1628,0.00258984680485
12,0.6,1628,0.000258984680485
12,0.6,1921,6.36769553016e-17
13,0.6,21,0.684614176463
13,0.6,25,0.58898053218
13,0.6,28,0.581246319514
13,0.6,151,0.524564931515
13,0.6,179,0.500918667532
13,0.6,293,0.351980089483
13,0.6,400,0.354849863756
13,0.6,402,0.288194875637
13,0.6,402,0.293217337722
13,0.6,407,0.324061824928
13,0.6,414,0.294329373624
13,0.6,414,0.299750548126
13,0.6,414,0.267143422483
13,0.6,424,0.242116524204
13,0.6,432,0.217698010864
13,0.6,610,0.240400797571
15,0.4,5193,0.253363100506
13,0.6,709,0.218973262201
13,0.6,709,0.211970308999
13,0.6,709,0.204957617157
13,0.6,709,0.180912051429
13,0.6,709,0.179123097304
15,0.4,5405,0.246047328593
13,0.6,1014,0.177398497071
13,0.6,1014,0.177187135354
13,0.6,1014,0.175353892191
15,0.4,5633,0.218775689542
13,0.6,1304,0.176491568222
13,0.6,1304,0.177351822992
15,0.4,5867,0.155627238384
9,0.8,12804,0.0739159243354
9,0.8,12804,0.0731480578501
9,0.8,12804,0.0303487156516
9,0.8,12804,0.0326291595396
9,0.8,12804,0.0248189870941
7,1.0,20519,0.0707192204485
7,1.0,20519,0.0703680380722
15,0.4,7894,0.140684298228
9,0.8,14310,3.50435392931e-16
10,0.8,23,0.991177982521
10,0.8,23,0.851973651555
10,0.8,28,0.855578024696
10,0.8,35,0.785833805636
10,0.8,129,0.770727228335
8,1.0,31,0.713368852308
8,1.0,44,0.690784639575
10,0.8,181,0.539636513822
8,1.0,74,0.676749751508
10,0.8,477,0.401209982409
10,0.8,544,0.390011454005
10,0.8,579,0.296153260598
10,0.8,596,0.282277831989
10,0.8,599,0.228851786912
10,0.8,869,0.159004075543
10,0.8,869,0.143456467104
10,0.8,869,0.130406887682
10,0.8,985,0.10974919067
10,0.8,985,0.101649295471
10,0.8,985,0.073768011876
10,0.8,1132,0.07127464317
10,0.8,1190,0.0452178592696
13,0.6,5051,0.129439036592
10,0.8,1479,0.042917958509
8,1.0,2250,0.636914501376
8,1.0,2256,0.604120442849
15,0.4,12062,0.156488438799
13,0.6,7626,0.135671653958
13,0.6,7626,0.111367557343
13,0.6,7997,0.118417172115
13,0.6,8389,0.0849495063883
13,0.6,9182,0.091746886011
13,0.6,9601,0.0796534012444
15,0.4,14202,0.155776084642
13,0.6,10051,0.0600302508122
13,0.6,10511,0.0410655866501
15,0.4,16612,0.132258112824
8,1.0,8644,0.440508909878
13,0.6,13171,0.0279633767779
13,0.6,14388,0.0276152503269
8,1.0,11088,0.491626300874
8,1.0,11107,0.493586535225
8,1.0,11131,0.512036089902
8,1.0,11138,0.484271690389
8,1.0,11184,0.391304002096
8,1.0,11184,0.339405944384
8,1.0,11194,0.335954981248
8,1.0,11213,0.34637108492
8,1.0,11222,0.30583474098
15,0.4,21600,0.129246856195
16,0.4,7,0.996900092257
16,0.4,7,0.710134907485
16,0.4,9,0.583517679213
16,0.4,10,0.485250560484
16,0.4,51,0.395084476968
16,0.4,71,0.253700275918
16,0.4,79,0.256156012079
16,0.4,89,0.263607452937
16,0.4,165,0.209405768454
16,0.4,165,0.196409791068
16,0.4,223,0.189265388587
16,0.4,223,0.190550934684
16,0.4,223,0.145297026194
16,0.4,287,0.141516628687
16,0.4,287,0.136011975989
16,0.4,407,0.111943698998
16,0.4,745,0.11596637446
16,0.4,780,0.130780568206
16,0.4,911,0.0928112751584
16,0.4,941,0.0785958617355
16,0.4,956,0.0664974039666
16,0.4,956,0.0366652326227
16,0.4,1000,0.0406754921892
16,0.4,1045,0.0273305460659
16,0.4,1045,0.0291898078152
16,0.4,1088,0.0216621122162
16,0.4,1178,0.012079472042
16,0.4,1635,9.81289384066e-17
17,0.4,10,0.995518553395
17,0.4,10,0.982961811741
17,0.4,11,0.926996951072
17,0.4,12,0.839475632762
17,0.4,46,0.824167673499
17,0.4,78,0.657080978448
17,0.4,81,0.622554733062
17,0.4,96,0.499476955139
17,0.4,99,0.471975730455
17,0.4,110,0.501387174694
17,0.4,110,0.442998272187
17,0.4,111,0.423111534822
17,0.4,127,0.400738379943
17,0.4,129,0.407638421558
17,0.4,131,0.328880242675
17,0.4,310,0.329726174193
17,0.4,310,0.340914336361
17,0.4,310,0.283359475327
17,0.4,376,0.26868732573
17,0.4,423,0.22627029075
17,0.4,423,0.218716055344
17,0.4,500,0.211728581685
17,0.4,500,0.211716570683
17,0.4,728,0.163434372739
17,0.4,788,0.14590621586
17,0.4,837,0.107280351791
17,0.4,919,0.110144803938
17,0.4,934,0.104877852779
17,0.4,1414,0.109399743901
17,0.4,1437,0.109561354617
8,1.0,16332,0.291389543066
8,1.0,16332,0.227821504186
8,1.0,16332,0.2420974923
8,1.0,16332,0.224532114403
8,1.0,16332,0.221496403198
8,1.0,16333,0.221753404
8,1.0,16333,0.183267299859
8,1.0,16333,0.149210390624
8,1.0,16333,0.157537026174
8,1.0,16333,0.121791591263
8,1.0,16333,0.112907363841
8,1.0,16333,0.128158143321
8,1.0,16333,0.113453523234
8,1.0,16333,0.0850171029156
8,1.0,16333,0.0667586928394
8,1.0,16333,0.0629541845634
8,1.0,16333,0.0585513988169
8,1.0,16333,0.0448702825495
8,1.0,16333,0.0459511189422
8,1.0,16333,0.0316438258411
8,1.0,16333,0.0215384648645
8,1.0,16333,3.07880124668e-16
9,1.0,22,0.769171878924
9,1.0,23,0.759105205555
9,1.0,26,0.726121444838
9,1.0,30,0.717421038726
9,1.0,142,0.769749093251
17,0.4,1645,0.104055899217
9,1.0,142,0.728281713516
17,0.4,1668,0.0834453436829
17,0.4,1680,0.08250900936
9,1.0,531,0.404422060388
9,1.0,566,0.308624472085
17,0.4,2667,0.0588931281221
17,0.4,2799,0.0476175358329
17,0.4,2812,0.0474823350162
17,0.4,2825,0.0444559426417
17,0.4,2863,0.00157333788773
13,0.6,21600,0.027037249562
14,0.6,12,0.857494521266
14,0.6,12,0.679343409526
14,0.6,14,0.497481846313
14,0.6,16,0.488514406936
14,0.6,123,0.485085111035
17,0.4,3190,7.07252763832e-17
18,0.4,10,0.984106172352
18,0.4,12,0.910986771109
18,0.4,14,0.849664197252
18,0.4,22,0.706644695187
18,0.4,44,0.736861558275
18,0.4,64,0.608013179708
18,0.4,92,0.550060434695
18,0.4,94,0.425364897581
18,0.4,122,0.415167825956
18,0.4,124,0.39340911053
18,0.4,129,0.375947811275
18,0.4,134,0.365110541787
18,0.4,134,0.281169924347
18,0.4,139,0.298100137358
18,0.4,142,0.199149647523
18,0.4,149,0.196797077036
18,0.4,149,0.165703407169
14,0.6,482,0.461086800573
14,0.6,506,0.337496632369
14,0.6,508,0.269759721046
14,0.6,549,0.249719249828
14,0.6,549,0.252696698734
14,0.6,553,0.20758963259
14,0.6,557,0.13723396452
14,0.6,557,0.130606076304
18,0.4,509,0.179989622834
14,0.6,910,0.0852678588075
14,0.6,910,0.072039730611
14,0.6,910,0.065628226937
14,0.6,910,0.0672774899035
14,0.6,910,0.0608964061937
14,0.6,910,0.0338218015878
14,0.6,910,0.0371986850671
14,0.6,910,0.0321607385177
14,0.6,910,0.0194737403085
9,1.0,2359,0.241411278378
14,0.6,1087,0.0193239797704
18,0.4,3400,0.167493175282
11,0.8,32,0.803908906808
11,0.8,32,0.70088392903
11,0.8,38,0.611906160758
11,0.8,105,0.641444720859
18,0.4,3561,0.134895497486
11,0.8,212,0.614974847813
11,0.8,330,0.471213807856
18,0.4,3913,0.0653269308844
11,0.8,686,0.407014686326
11,0.8,816,0.35554097699
9,1.0,6161,0.223891720993
11,0.8,1297,0.321646568446
11,0.8,1347,0.323806546278
11,0.8,1358,0.325684086138
11,0.8,1358,0.305226142273
11,0.8,1360,0.292766791432
11,0.8,1426,0.234257562224
11,0.8,1426,0.234189549038
11,0.8,1438,0.236563472704
14,0.6,5181,0.0202212831599
11,0.8,1481,0.358896887547
11,0.8,1488,0.350472506297
11,0.8,1498,0.227435357256
11,0.8,1498,0.136478077245
11,0.8,1893,0.134600572602
14,0.6,5815,0.00583630770766
14,0.6,6061,7.41396664088e-17
15,0.6,55,0.851960766156
15,0.6,61,0.902786744416
15,0.6,71,0.888911290903
15,0.6,154,0.85956950882
15,0.6,222,0.799363447255
15,0.6,260,0.636454431032
15,0.6,295,0.59321951297
15,0.6,299,0.534829187077
15,0.6,300,0.553982710463
11,0.8,2655,0.130185077632
11,0.8,2655,0.137696073238
11,0.8,2655,0.11979064385
11,0.8,2655,0.121410820788
11,0.8,2655,0.102601833618
11,0.8,2655,0.110673348438
11,0.8,2655,0.118574128049
15,0.6,329,0.500503805052
15,0.6,352,0.394243243589
15,0.6,364,0.409855917374
15,0.6,376,0.368777716969
15,0.6,380,0.377795392358
15,0.6,384,0.33522387897
9,1.0,8187,0.180694191176
9,1.0,8187,0.18894761238
15,0.6,947,0.311020478153
15,0.6,947,0.300251544933
15,0.6,947,0.297323696728
15,0.6,947,0.288325875154
15,0.6,947,0.286790728559
15,0.6,947,0.296006843835
15,0.6,947,0.294346979046
9,1.0,8535,0.154712529042
15,0.6,1204,0.289912093556
15,0.6,1204,0.307848048961
15,0.6,1204,0.32416419233
15,0.6,1204,0.319632297251
15,0.6,1204,0.303644289398
9,1.0,8684,0.159653730486
9,1.0,8684,0.126866356426
9,1.0,8909,0.14392544383
9,1.0,8909,0.0866280753258
9,1.0,8909,0.0754481979107
11,0.8,5772,0.110451153593
18,0.4,10690,0.0582259226082
18,0.4,12247,0.035744693715
11,0.8,9088,0.106475698583
11,0.8,9088,0.0889904665085
11,0.8,9088,0.0851231706366
11,0.8,9088,0.0815971553607
15,0.6,9832,0.29788186947
11,0.8,12565,0.0825760698947
11,0.8,12565,0.0734130078454
11,0.8,12565,0.0631359186379
11,0.8,12565,0.0630705113049
15,0.6,13017,0.252447547325
15,0.6,13017,0.258061181542
9,1.0,21066,0.0659893028148
11,0.8,16418,0.0724345031129
10,1.0,26,0.791709183907
10,1.0,32,0.745404529518
10,1.0,40,0.718134489423
18,0.4,20011,0.0269698170303
15,0.6,14300,0.238555798804
10,1.0,341,0.617352342381
15,0.6,14973,0.231702141858
15,0.6,15682,0.258565330233
19,0.4,8,0.969171304784
19,0.4,8,0.934725703614
19,0.4,9,0.896407863894
19,0.4,11,0.820730422203
19,0.4,12,0.729110962666
19,0.4,24,0.440388910916
19,0.4,49,0.349301062672
19,0.4,65,0.272408403451
19,0.4,66,0.208635635041
19,0.4,71,0.156613191341
19,0.4,76,0.069197809453
19,0.4,77,0.060453962366
19,0.4,81,0.05407733417
19,0.4,257,0.0735675179069
19,0.4,285,0.0546233720176
19,0.4,285,0.0444804981617
19,0.4,285,0.042700806127
19,0.4,420,0.0617939293296
19,0.4,436,0.036338324842
19,0.4,436,0.0324445492265
19,0.4,452,0.0322946449462
19,0.4,452,0.0206767273801
19,0.4,461,0.00311523390899
19,0.4,501,7.40442968011e-17
20,0.4,9,0.983713266359
20,0.4,10,0.967152304873
20,0.4,10,0.933149056499
20,0.4,11,0.784062506662
20,0.4,12,0.63887641835
20,0.4,16,0.485300968826
20,0.4,24,0.497041187285
20,0.4,30,0.604076308591
20,0.4,49,0.48548458047
20,0.4,60,0.430501350519
20,0.4,60,0.431425341551
20,0.4,61,0.369141500692
20,0.4,65,0.342061393141
20,0.4,65,0.367860965821
20,0.4,70,0.235415536933
20,0.4,71,0.217481130644
20,0.4,71,0.199119419091
20,0.4,75,0.218717119057
15,0.6,16406,0.163352723883
10,1.0,2333,0.535958627395
20,0.4,178,0.167234855045
20,0.4,213,0.0985170813795
20,0.4,388,0.013030478763
20,0.4,401,5.39468275269e-16
21,0.4,3,0.627274962379
21,0.4,3,0.321134027249
21,0.4,7,0.282526491552
21,0.4,7,0.230615349268
21,0.4,9,0.0349872037906
21,0.4,12,0.0162222800793
21,0.4,17,0.00035161992258
21,0.4,28,4.87970667456e-17
22,0.4,9,0.937322518866
22,0.4,9,0.904703589242
22,0.4,11,0.748049111976
22,0.4,12,0.744636978463
22,0.4,31,0.512228202262
22,0.4,83,0.513383918972
22,0.4,83,0.470570142299
22,0.4,89,0.419860865263
22,0.4,99,0.423838481564
22,0.4,101,0.366198774618
22,0.4,131,0.341261637558
22,0.4,134,0.240262044279
22,0.4,268,0.149133938421
22,0.4,268,0.143654757567
22,0.4,268,0.114448792829
22,0.4,377,0.105395977646
22,0.4,834,0.134938641794
22,0.4,868,0.0584192108768
22,0.4,942,0.0376338967732
22,0.4,966,0.0351801330965
22,0.4,1194,0.0348855989153
11,0.8,20367,0.0619954171092
22,0.4,1344,0.0379527310725
22,0.4,1366,0.0258004645679
22,0.4,1366,2.42351377081e-16
23,0.4,6,0.990636487187
23,0.4,6,0.907255582361
23,0.4,7,0.705583089158
23,0.4,8,0.692570584814
23,0.4,25,0.513787549256
23,0.4,51,0.546486715761
23,0.4,63,0.446762447562
23,0.4,76,0.367634618994
23,0.4,78,0.380715266725
23,0.4,86,0.329571866783
23,0.4,90,0.352968681334
23,0.4,91,0.260470336272
23,0.4,92,0.214822508635
23,0.4,231,0.189919596284
23,0.4,243,0.170852714482
23,0.4,243,0.155086153134
23,0.4,255,0.13255122505
23,0.4,255,0.111742979374
23,0.4,351,0.116693781053
23,0.4,356,0.0944329531336
23,0.4,356,0.0819854270864
23,0.4,356,0.041080288826
23,0.4,419,0.026863121481
23,0.4,427,0.015733717892
23,0.4,450,0.00797828754298
23,0.4,450,1.46441680777e-16
24,0.4,19,0.998723841326
24,0.4,19,0.541977437597
24,0.4,22,0.493538568962
24,0.4,26,0.475647334533
24,0.4,172,0.512834999879
24,0.4,174,0.393464220407
24,0.4,197,0.268692282745
24,0.4,226,0.284744756709
24,0.4,246,0.231751239172
24,0.4,353,0.228222034512
24,0.4,353,0.19434005252
24,0.4,490,0.223044034878
24,0.4,490,0.217250674671
24,0.4,578,0.14644739853
12,0.8,39,0.938629477805
12,0.8,45,0.818381390015
12,0.8,135,0.742509383824
24,0.4,904,0.149536342514
12,0.8,255,0.650520910113
12,0.8,800,0.531639423615
12,0.8,801,0.470446347344
10,1.0,6323,0.417322839612
10,1.0,6330,0.434200616839
10,1.0,6340,0.363511149585
12,0.8,1369,0.356644006229
12,0.8,1371,0.309082299698
12,0.8,1433,0.251171979666
12,0.8,1438,0.241995924622
12,0.8,1439,0.236432273427
12,0.8,1984,0.209594467891
12,0.8,1984,0.1883010194
12,0.8,1984,0.171569891955
12,0.8,1984,0.182036567987
12,0.8,1984,0.133565063199
12,0.8,1984,0.162611412331
12,0.8,1984,0.126949495445
12,0.8,1984,0.113289903982
12,0.8,1984,0.122411173052
12,0.8,1984,0.126472553812
12,0.8,1984,0.104185795573
12,0.8,1984,0.12142881404
16,0.6,10,0.994735027428
16,0.6,10,0.994469358456
16,0.6,13,0.96931055429
16,0.6,14,0.830433382826
16,0.6,17,0.74093263391
16,0.6,19,0.738132030159
16,0.6,39,0.70703481911
12,0.8,2415,0.111784064269
12,0.8,2415,0.0990778913226
16,0.6,130,0.517753856319
16,0.6,246,0.482531369758
16,0.6,280,0.429751611865
16,0.6,303,0.379197830974
16,0.6,303,0.433263193136
16,0.6,305,0.302340880824
16,0.6,305,0.288291532461
16,0.6,321,0.215382279281
16,0.6,589,0.168697179794
16,0.6,589,0.148424213833
16,0.6,589,0.147995108104
24,0.4,4635,0.159216650536
24,0.4,5095,0.154055518289
10,1.0,10222,0.220799286266
24,0.4,5829,0.136568766512
24,0.4,5829,0.139416085271
24,0.4,5829,0.140058420101
10,1.0,10303,0.245025523017
10,1.0,10303,0.25141573325
10,1.0,10303,0.180493647607
10,1.0,10303,0.170134618252
10,1.0,10303,0.117035201153
24,0.4,6114,0.124172473428
10,1.0,10799,0.126070898117
10,1.0,10799,0.0727166504918
10,1.0,10799,0.0164646071792
10,1.0,10799,0.0117351218877
24,0.4,6388,0.10377697997
24,0.4,6681,0.105871545945
24,0.4,6681,0.0846978684516
12,0.8,7168,0.0947471659015
16,0.6,6398,0.14801028512
10,1.0,14156,0.00798850651763
10,1.0,14156,3.8225304708e-17
11,1.0,34,0.856384679353
11,1.0,34,0.587809652971
16,0.6,6734,0.055362041417
11,1.0,43,0.646319659476
11,1.0,141,0.477541455496
16,0.6,7666,0.0211058828775
16,0.6,7998,0.0156250540305
11,1.0,2071,0.583959492166
16,0.6,9081,0.0151275539099
24,0.4,12486,0.087869734657
16,0.6,9875,0.00410318574124
24,0.4,13046,0.0419014214709
16,0.6,10286,1.0996933011e-16
17,0.6,32,0.878672966719
17,0.6,35,0.89670214161
17,0.6,41,0.91113729547
17,0.6,63,0.80603097458
17,0.6,139,0.789181177092
17,0.6,201,0.564145325111
17,0.6,201,0.600791479783
17,0.6,204,0.57457606022
17,0.6,205,0.490380098666
17,0.6,270,0.511292191475
17,0.6,270,0.508596419807
17,0.6,274,0.476986802141
17,0.6,278,0.402672255417
17,0.6,283,0.376940964606
17,0.6,289,0.376242036927
17,0.6,292,0.352885636287
17,0.6,294,0.368210704421
17,0.6,427,0.360308516401
17,0.6,502,0.34748235662
17,0.6,502,0.281634545818
17,0.6,650,0.222300129978
17,0.6,650,0.220873944716
17,0.6,898,0.22092903466
17,0.6,974,0.215811517234
17,0.6,1049,0.212584140491
17,0.6,1049,0.214929870281
17,0.6,1049,0.211177495495
17,0.6,1319,0.209017629333
11,1.0,5977,0.59158797758
11,1.0,6439,0.609354921716
11,1.0,6439,0.416271131352
11,1.0,6439,0.444521872949
11,1.0,6439,0.388295387081
11,1.0,6450,0.367042883355
11,1.0,6450,0.258683126691
11,1.0,6877,0.220650376862
11,1.0,6877,0.197849738354
11,1.0,6877,0.197816367647
11,1.0,7391,0.128056936988
11,1.0,7391,0.136573631842
11,1.0,7391,0.161926948596
11,1.0,7391,0.124348326192
11,1.0,7391,0.119876875962
11,1.0,7391,0.118611394293
11,1.0,7392,0.0931825782817
11,1.0,7392,0.0945568687011
11,1.0,7392,0.0933012701128
11,1.0,7392,0.0704566637203
11,1.0,7392,0.0727766070248
24,0.4,17362,0.0419010009911
24,0.4,17814,0.0418662582176
24,0.4,20474,0.0418310654061
17,0.6,7735,0.169086481804
25,0.4,4,0.744134315226
25,0.4,4,0.727651081198
25,0.4,7,0.631333336429
25,0.4,19,0.441902887807
25,0.4,54,0.279307661084
25,0.4,56,0.286432999391
25,0.4,57,0.213965287
25,0.4,58,0.212047108319
25,0.4,58,0.12568149305
25,0.4,59,0.0864485469487
25,0.4,64,0.0570753409449
25,0.4,64,0.0314874916406
25,0.4,64,0.0176054781053
25,0.4,65,1.71880964461e-16
26,0.4,7,0.946731854342
26,0.4,8,0.939654612355
26,0.4,9,0.902525910151
26,0.4,15,0.707853426142
26,0.4,25,0.580615702168
26,0.4,31,0.573372591876
26,0.4,62,0.547532070926
26,0.4,75,0.397998547505
26,0.4,75,0.318502275875
26,0.4,76,0.365586410854
26,0.4,81,0.291863105952
26,0.4,82,0.273434929625
26,0.4,85,0.209212526191
26,0.4,85,0.187058164807
26,0.4,90,0.183128475313
26,0.4,90,0.18279580606
26,0.4,93,0.173442791027
26,0.4,94,0.144099934615
26,0.4,95,0.16096959133
26,0.4,96,0.139028517845
26,0.4,96,0.136333385317
11,1.0,12072,0.0749566795222
11,1.0,12072,0.0691939310328
26,0.4,241,0.0962395407604
26,0.4,241,0.0926536595785
26,0.4,241,0.0629964072596
26,0.4,389,0.0567704497985
26,0.4,502,0.0556131855589
26,0.4,512,0.0535289261969
26,0.4,512,0.0512565763867
26,0.4,522,0.0502697389659
26,0.4,546,0.0286777331036
26,0.4,569,0.0203377429708
26,0.4,593,0.0168234400324
26,0.4,604,8.10290554755e-17
27,0.4,12,0.986056807045
27,0.4,13,0.940297953983
27,0.4,15,0.922837644302
27,0.4,17,0.874487575407
13,0.8,14,0.615987988042
27,0.4,29,0.89068237605
13,0.8,19,0.466245249808
27,0.4,54,0.823235498528
27,0.4,74,0.502915766886
27,0.4,114,0.460947302601
27,0.4,130,0.533837007271
27,0.4,130,0.452245510535
27,0.4,144,0.363672119508
27,0.4,153,0.40578605769
27,0.4,153,0.408203429469
27,0.4,176,0.316122529513
27,0.4,180,0.230739743163
27,0.4,357,0.260492719474
27,0.4,449,0.25457669196
27,0.4,510,0.255838965736
27,0.4,548,0.247156458205
27,0.4,548,0.233236655464
27,0.4,548,0.204111805353
17,0.6,10733,0.14690992171
17,0.6,11166,0.146392487511
27,0.4,3522,0.189637445075
27,0.4,4019,0.177222343101
27,0.4,4169,0.18682696275
27,0.4,4327,0.183737143348
27,0.4,4896,0.172579053065
27,0.4,5120,0.171534324156
17,0.6,14409,0.15153228503
13,0.8,6680,0.421072952692
13,0.8,6685,0.432314534497
13,0.8,6694,0.376713943628
13,0.8,6694,0.328191645066
13,0.8,6719,0.340381960561
13,0.8,6719,0.317584781027
13,0.8,6741,0.319342056182
13,0.8,6741,0.278549641709
13,0.8,6749,0.275366764634
13,0.8,6756,0.284221512374
13,0.8,6763,0.271515310564
13,0.8,6769,0.268426614849
13,0.8,6776,0.266954594263
13,0.8,6776,0.265543116695
13,0.8,7035,0.2248928982
13,0.8,7035,0.177983762814
27,0.4,7074,0.159802522561
27,0.4,7074,0.17101928991
13,0.8,7455,0.196683196421
13,0.8,7455,0.16637515595
13,0.8,7455,0.166204971925
13,0.8,7455,0.150225374658
13,0.8,7455,0.128497076704
13,0.8,7455,0.114221508211
13,0.8,7455,0.123357625558
13,0.8,7455,0.105758116332
13,0.8,7455,0.11046030159
13,0.8,7455,0.108772245936
13,0.8,7455,0.0896665435885
13,0.8,7455,0.093836253652
13,0.8,7455,0.0945082284135
13,0.8,7455,0.103208898377
13,0.8,7455,0.104922956409
13,0.8,7455,0.085593340452
13,0.8,7455,0.0854943103533
13,0.8,7455,0.0873260957602
12,1.0,45,0.938629477805
12,1.0,55,0.859498835629
12,1.0,73,0.822893418883
17,0.6,18667,0.139686164001
13,0.8,10741,0.0828514723606
13,0.8,10741,0.0698993791978
13,0.8,10741,0.0692983482287
13,0.8,10741,0.0692590771349
18,0.6,22,0.996600341908
18,0.6,22,0.980651416127
18,0.6,25,0.885534210099
18,0.6,29,0.875112991463
18,0.6,90,0.638392867573
18,0.6,91,0.589205305087
18,0.6,173,0.565632800472
18,0.6,215,0.469149587619
18,0.6,247,0.360072949548
18,0.6,254,0.24276653284
18,0.6,281,0.25033898954
18,0.6,298,0.100015022145
18,0.6,1603,0.0690221096143
18,0.6,2658,0.0621985846175
12,1.0,7558,0.38059250057
12,1.0,9682,0.390751554249
12,1.0,9682,0.340816167087
13,0.8,18829,0.066776650966
13,0.8,18829,0.063475573863
13,0.8,18829,0.0705449393968
12,1.0,10172,0.228596235878
12,1.0,10172,0.257110874045
12,1.0,10172,0.253442729723
12,1.0,10470,0.227253736359
12,1.0,10470,0.219454273799
12,1.0,10470,0.210941768045
18,0.6,7890,0.0447558373691
27,0.4,21225,0.162756486625
28,0.4,19,0.664702825789
28,0.4,19,0.565266897865
28,0.4,24,0.526431604704
14,0.8,35,0.872698115304
14,0.8,36,0.646049073018
14,0.8,43,0.602210432609
28,0.4,112,0.489531703413
28,0.4,155,0.469473412912
28,0.4,208,0.488155233606
14,0.8,210,0.45152523364
28,0.4,245,0.44922183486
28,0.4,270,0.375918546288
28,0.4,289,0.332248299547
28,0.4,293,0.318016714113
28,0.4,296,0.271288439064
28,0.4,307,0.288529937221
28,0.4,307,0.292799237409
28,0.4,309,0.24604655512
28,0.4,311,0.234049171225
28,0.4,311,0.232706060282
28,0.4,601,0.2132721057
28,0.4,601,0.201433728504
28,0.4,601,0.155769364526
28,0.4,601,0.144743495493
28,0.4,601,0.114446301577
28,0.4,601,0.0996910332234
28,0.4,601,0.0964766675852
14,0.8,587,0.350782801358
18,0.6,10010,0.03931710408
28,0.4,1218,0.0966054042743
14,0.8,1811,0.322241857283
14,0.8,1813,0.293837516319
14,0.8,1817,0.318133853991
14,0.8,1825,0.233064742265
14,0.8,1836,0.22877571288
14,0.8,1907,0.183285238087
14,0.8,1944,0.17542350872
28,0.4,2207,0.0963760866739
28,0.4,2298,0.091747721756
14,0.8,2733,0.16582958765
14,0.8,2733,0.154589355566
14,0.8,2733,0.141759171787
14,0.8,2733,0.146760865194
14,0.8,2733,0.104868585757
14,0.8,2733,0.100505160366
14,0.8,2733,0.103362312211
14,0.8,2733,0.112654830029
14,0.8,2733,0.118136038813
14,0.8,2733,0.0944158380017
14,0.8,2733,0.0864339023058
14,0.8,2733,0.0889276356246
14,0.8,2733,0.0694630349154
14,0.8,2733,0.0637784651567
14,0.8,2733,0.059103511294
14,0.8,2733,0.0441593252266
12,1.0,15575,0.187492736075
12,1.0,15575,0.182071009275
12,1.0,15575,0.175661056934
12,1.0,15575,0.174382772457
12,1.0,15575,0.136129746094
12,1.0,15575,0.140561024227
12,1.0,15575,0.125771642255
12,1.0,15575,0.0557776220201
12,1.0,15575,0.0545058847899
14,0.8,6114,0.0435030580681
14,0.8,6114,0.0434542631192
14,0.8,6114,0.0399772257453
14,0.8,6114,0.0398561362619
14,0.8,6114,0.0363040253085
14,0.8,6114,0.0362455400781
14,0.8,6114,0.000187261209871
14,0.8,6114,5.14311664008e-17
15,0.8,70,0.960958678081
15,0.8,81,0.943891762295
15,0.8,316,0.844196883011
15,0.8,639,0.769987727169
15,0.8,640,0.740393861739
18,0.6,15926,0.0340147709855
15,0.8,830,0.594522404383
28,0.4,7132,0.0745320402406
28,0.4,7715,0.0631852549371
15,0.8,1875,0.520052759398
15,0.8,1879,0.478737865485
15,0.8,1959,0.407312662771
15,0.8,1965,0.436734449344
15,0.8,2047,0.363837122548
15,0.8,2059,0.371397705471
15,0.8,2064,0.365138484841
15,0.8,2133,0.349146450916
13,1.0,50,0.615987988042
13,1.0,59,0.53375988427
15,0.8,3161,0.300424909085
28,0.4,9469,0.0575415625038
15,0.8,3825,0.302550221463
15,0.8,3825,0.297110571163
15,0.8,3825,0.310587272811
15,0.8,3825,0.307648081709
15,0.8,3825,0.286901262445
15,0.8,3825,0.269144938719
15,0.8,3825,0.271039062425
15,0.8,4403,0.263246781357
15,0.8,4403,0.259342825927
28,0.4,11957,0.0552113102622
19,0.6,11,0.966653569269
19,0.6,11,0.947089804078
19,0.6,13,0.840779612093
19,0.6,15,0.835524331115
19,0.6,46,0.618529069826
19,0.6,47,0.272381643437
19,0.6,104,0.195560674474
19,0.6,130,0.186021992043
19,0.6,136,0.160802166325
19,0.6,150,0.150363660577
19,0.6,166,0.0708352283658
19,0.6,166,0.0597295048029
19,0.6,294,0.0551185589519
19,0.6,294,0.0291459541255
19,0.6,351,0.0156572591508
19,0.6,351,0.0153183935101
19,0.6,351,0.0203528615387
19,0.6,351,0.0202697886345
19,0.6,351,0.0145830810015
19,0.6,351,7.03627451971e-17
20,0.6,4,0.812210048907
20,0.6,5,0.66464978511
20,0.6,6,0.590439422287
20,0.6,12,0.492708889865
20,0.6,22,0.552205011636
15,0.8,6965,0.201217758109
20,0.6,115,0.316200105677
20,0.6,116,0.326551588957
20,0.6,137,0.168082858664
20,0.6,137,0.127604340849
20,0.6,156,0.0890890798737
20,0.6,166,0.0932364536918
20,0.6,167,0.0429371015732
20,0.6,395,0.00724011204866
20,0.6,412,9.09643585555e-17
21,0.6,5,0.617222067324
21,0.6,6,0.34884128001
21,0.6,7,0.342457192781
21,0.6,7,0.216674325268
21,0.6,8,0.085996110906
21,0.6,9,0.0349872037906
21,0.6,16,0.0232444273242
21,0.6,19,0.0166512662351
21,0.6,44,5.59040630134e-17
22,0.6,17,0.885390006863
22,0.6,17,0.775269700552
22,0.6,20,0.594873932597
22,0.6,46,0.514029274881
15,0.8,7430,0.191842173211
22,0.6,278,0.478890245767
22,0.6,325,0.44774107816
22,0.6,351,0.424614904711
22,0.6,354,0.415854220122
22,0.6,359,0.295769685785
22,0.6,361,0.19812386975
22,0.6,361,0.170229112548
22,0.6,546,0.149859211098
22,0.6,546,0.137508260897
22,0.6,546,0.141929704228
22,0.6,546,0.131114807924
22,0.6,615,0.13780256544
22,0.6,615,0.126106310977
22,0.6,718,0.122769852787
22,0.6,718,0.122731265376
22,0.6,967,0.12272954959
22,0.6,967,0.11244205099
22,0.6,967,0.111548480923
22,0.6,1042,0.109890041002
15,0.8,10131,0.195430152838
22,0.6,5548,0.0788453147429
22,0.6,5783,0.0677940434074
22,0.6,6026,0.0636271802306
22,0.6,6558,0.0628622322037
22,0.6,6830,0.062771437781
13,1.0,11304,0.406648358328
13,1.0,11304,0.411749648364
13,1.0,11309,0.301809779984
13,1.0,11309,0.345145878014
13,1.0,11309,0.31011995619
13,1.0,11319,0.283021791374
13,1.0,11327,0.218758794219
22,0.6,7700,0.0624297451903
29,0.4,12,0.811063676565
29,0.4,12,0.466588481285
29,0.4,14,0.545201958156
29,0.4,71,0.421831831261
29,0.4,108,0.341820691157
29,0.4,108,0.322593756846
29,0.4,123,0.303297280605
13,1.0,12762,0.188630381786
13,1.0,12762,0.17612289561
13,1.0,12762,0.176059847564
13,1.0,12762,0.122180068215
13,1.0,12762,0.121552513272
13,1.0,12762,0.116266174522
13,1.0,12762,0.11974276305
13,1.0,12762,0.139541014573
13,1.0,12762,0.0796235625902
13,1.0,12762,0.0813563272826
13,1.0,12762,0.0850466290077
13,1.0,12762,0.0846184795947
13,1.0,12762,0.0746163147678
13,1.0,12762,0.069232126931
13,1.0,12762,0.0553252042977
29,0.4,209,0.266331474061
29,0.4,209,0.214433380392
29,0.4,209,0.214419121517
29,0.4,274,0.214611288403
29,0.4,274,0.200373638648
29,0.4,388,0.205971035406
29,0.4,388,0.198702599527
29,0.4,388,0.219654675363
29,0.4,388,0.187872078847
29,0.4,388,0.154538725253
29,0.4,388,0.158586670722
29,0.4,446,0.152005115009
29,0.4,446,0.139939259292
29,0.4,446,0.138876271546
29,0.4,446,0.133833620752
29,0.4,446,0.137958904971
29,0.4,494,0.134616279067
29,0.4,699,0.135363701017
29,0.4,768,0.140280759735
29,0.4,768,0.136859342231
22,0.6,9041,0.0357265772411
22,0.6,9410,0.0267259235598
22,0.6,10139,0.025526257069
22,0.6,10139,0.0208235402533
22,0.6,10494,0.0142376263797
22,0.6,12301,0.0148159806354
29,0.4,4226,0.129719552398
22,0.6,13234,0.0115083489213
16,0.8,29,0.985262624898
16,0.8,29,0.976021008772
16,0.8,34,0.791538926669
16,0.8,41,0.761496975025
16,0.8,146,0.62277565111
16,0.8,147,0.561675493369
16,0.8,354,0.415727816749
16,0.8,358,0.401492023765
29,0.4,6500,0.124422656117
16,0.8,420,0.418725501797
16,0.8,420,0.398498396154
16,0.8,422,0.322788080588
16,0.8,424,0.2636810063
16,0.8,459,0.273453694904
16,0.8,484,0.228711592273
16,0.8,490,0.242791515316
16,0.8,703,0.172341753752
16,0.8,703,0.158599377147
16,0.8,703,0.152997154797
16,0.8,703,0.136279844633
16,0.8,913,0.131203249094
16,0.8,913,0.13024024391
16,0.8,913,0.116620469923
16,0.8,913,0.114036696387
16,0.8,913,0.113989251296
16,0.8,913,0.111548806502
16,0.8,913,0.107207851019
16,0.8,1307,0.117369850643
16,0.8,1307,0.0996409641291
16,0.8,1307,0.0997255819139
16,0.8,1307,0.0992865035767
16,0.8,1886,0.0971844600707
22,0.6,16447,0.00181710772442
16,0.8,2842,0.0909644642802
16,0.8,2842,0.097152376291
16,0.8,2842,0.076259605711
16,0.8,2842,0.0745724003274
14,1.0,28,0.699645332433
14,1.0,46,0.670617695201
14,1.0,167,0.524617091214
29,0.4,9264,0.121111256368
16,0.8,4186,0.0531879553953
16,0.8,4186,0.0316399428148
16,0.8,4186,0.0188689723234
16,0.8,4186,0.0184945650221
16,0.8,4186,0.0184174369366
14,1.0,2111,0.524668646592
23,0.6,15,0.81821775077
23,0.6,16,0.662575934366
23,0.6,17,0.644321305949
23,0.6,19,0.600414605821
23,0.6,34,0.474054348915
23,0.6,58,0.335791887145
23,0.6,152,0.305779808226
23,0.6,154,0.342742099667
23,0.6,156,0.336438624202
23,0.6,161,0.346037457432
23,0.6,161,0.307822008774
23,0.6,162,0.131858083757
23,0.6,163,0.0900683683739
23,0.6,199,0.107515272315
23,0.6,393,0.0952341986059
23,0.6,393,0.0865087192067
23,0.6,393,0.0858891625438
23,0.6,393,0.0318685787332
23,0.6,443,4.07963702731e-16
24,0.6,37,0.881613737222
24,0.6,37,0.541346908905
24,0.6,46,0.439531945476
24,0.6,60,0.41799937547
24,0.6,520,0.394068847946
24,0.6,919,0.445727035096
24,0.6,920,0.385116117343
24,0.6,964,0.402895559536
24,0.6,966,0.260678610407
24,0.6,998,0.216510965272
24,0.6,998,0.241019409948
24,0.6,1009,0.236026850741
24,0.6,1016,0.229755132272
24,0.6,1016,0.22763680846
24,0.6,1016,0.226161071537
24,0.6,1019,0.221689846644
24,0.6,1026,0.16477398044
24,0.6,1026,0.15781811326
24,0.6,1029,0.143355899853
24,0.6,1036,0.133506184316
24,0.6,1040,0.147223613205
24,0.6,1330,0.1586380815
24,0.6,1330,0.127819060591
24,0.6,1330,0.130393824486
24,0.6,1330,0.129967075635
24,0.6,1556,0.128935545775
24,0.6,1556,0.11507597661
24,0.6,1556,0.115199584018
24,0.6,2582,0.106406838567
24,0.6,2582,0.10371418018
24,0.6,2582,0.103826007028
24,0.6,2582,0.100410265797
29,0.4,16968,0.113929351956
24,0.6,3303,0.0990987709525
24,0.6,3303,0.0946490488843
24,0.6,3303,0.0761494946614
14,1.0,8279,0.493637207799
14,1.0,8291,0.374964707541
14,1.0,10384,0.283136799144
14,1.0,10390,0.333219104081
14,1.0,10409,0.341123420647
14,1.0,10414,0.233906213305
14,1.0,10461,0.206015853117
14,1.0,10481,0.19127406147
14,1.0,10488,0.183486946742
14,1.0,10488,0.17253375196
16,0.8,15172,0.0140582799191
14,1.0,12627,0.157343147843
14,1.0,12627,0.154737510689
14,1.0,12627,0.150145656478
14,1.0,12627,0.14622129692
14,1.0,12627,0.14593725427
14,1.0,12627,0.144738907646
14,1.0,12627,0.144440786239
14,1.0,12627,0.144875853292
14,1.0,12627,0.14357403789
14,1.0,12627,0.143687107783
14,1.0,12627,0.117244756275
14,1.0,12627,0.0872148129941
14,1.0,12802,0.0697151168239
14,1.0,12802,0.0444267217037
14,1.0,12802,0.0320655167045
16,0.8,18956,0.0128461937053
16,0.8,20386,0.0127573421229
16,0.8,21168,0.012079472042
17,0.8,44,0.882577270447
17,0.8,50,0.76711448346
17,0.8,55,0.705106205916
17,0.8,61,0.706520409979
17,0.8,1257,0.597969360821
17,0.8,1654,0.554790592656
15,1.0,60,0.960958678081
15,1.0,68,0.873364946975
15,1.0,151,0.857804423639
17,0.8,3255,0.512949952749
17,0.8,3315,0.505112684443
17,0.8,3357,0.521823268254
17,0.8,3370,0.443168460822
17,0.8,3388,0.439727947661
17,0.8,3445,0.408676816724
17,0.8,3806,0.389576557533
17,0.8,3806,0.395399294326
17,0.8,3806,0.361542386038
17,0.8,3806,0.36114076131
17,0.8,3806,0.337143673802
17,0.8,3806,0.30552208713
17,0.8,3806,0.309722013663
17,0.8,4010,0.2910705794
17,0.8,4010,0.300734355114
17,0.8,4010,0.29132093644
17,0.8,4010,0.246669025109
17,0.8,4010,0.266883758547
17,0.8,4010,0.221448320139
17,0.8,4538,0.230996765007
17,0.8,4538,0.212723643609
17,0.8,4538,0.208828767252
17,0.8,4538,0.205102683326
17,0.8,4538,0.209413162342
24,0.6,18713,0.0882057556107
15,1.0,2186,0.864324513
24,0.6,19485,0.0712643213879
24,0.6,20280,0.0593212969109
24,0.6,21600,0.0577000579288
25,0.6,6,0.987795635176
25,0.6,6,0.983444613502
25,0.6,8,0.954136670182
25,0.6,8,0.688716839507
25,0.6,10,0.637599050672
25,0.6,66,0.519140688041
25,0.6,87,0.253577844092
25,0.6,136,0.216788899449
25,0.6,170,0.174421057597
25,0.6,177,0.159473823834
25,0.6,180,0.17592375649
25,0.6,187,0.135685051424
25,0.6,194,0.0491109411366
25,0.6,201,0.0376884917383
25,0.6,342,0.0283894442128
25,0.6,428,0.0372668626889
25,0.6,447,0.0176054781053
25,0.6,461,1.61569558607e-16
26,0.6,12,0.881190075111
26,0.6,13,0.873582013876
26,0.6,15,0.856653189717
26,0.6,17,0.846627676776
26,0.6,33,0.791854519501
26,0.6,53,0.652101565685
26,0.6,78,0.607983721708
26,0.6,93,0.435026633456
26,0.6,137,0.452130668293
26,0.6,157,0.359667541139
26,0.6,178,0.306413155793
26,0.6,178,0.295380011981
26,0.6,203,0.282130945129
26,0.6,219,0.274082304676
26,0.6,224,0.189060140453
26,0.6,224,0.16127823677
26,0.6,376,0.0992843786269
26,0.6,376,0.0964597292801
26,0.6,586,0.0821581230378
26,0.6,586,0.0764892133743
26,0.6,586,0.0838766935615
26,0.6,586,0.0823096687281
26,0.6,699,0.0811809836183
26,0.6,699,0.0654627459709
26,0.6,4173,0.0299435298278
26,0.6,4370,0.0486548440314
15,1.0,9761,0.524630375125
26,0.6,5022,2.04008069495e-16
27,0.6,16,0.867668252829
27,0.6,16,0.848269445448
27,0.6,20,0.841413990712
27,0.6,124,0.661466018343
27,0.6,221,0.391629081572
27,0.6,340,0.368182400258
27,0.6,351,0.349596882319
27,0.6,355,0.368050742366
27,0.6,374,0.346318809818
27,0.6,377,0.356850691043
27,0.6,378,0.3409883426
27,0.6,378,0.331336491541
27,0.6,615,0.314579807117
27,0.6,615,0.261153835064
27,0.6,882,0.265163362185
27,0.6,882,0.258330577526
27,0.6,882,0.228463068997
27,0.6,1141,0.205078060134
27,0.6,1141,0.182996408299
27,0.6,1141,0.176815214035
27,0.6,1141,0.169256850766
27,0.6,1141,0.175434905016
27,0.6,1240,0.165072173818
27,0.6,1646,0.16066682244
27,0.6,1646,0.147090689894
15,1.0,12446,0.500981247069
15,1.0,12467,0.477020136704
15,1.0,12477,0.43968013141
15,1.0,12547,0.388042114264
15,1.0,12586,0.38947270555
15,1.0,12586,0.389201225526
15,1.0,12586,0.365907093725
15,1.0,12635,0.339248645275
15,1.0,13379,0.355968777902
15,1.0,13379,0.369689993981
15,1.0,13379,0.342371611083
15,1.0,13379,0.306415851977
15,1.0,13379,0.274185620198
15,1.0,13379,0.275556130159
15,1.0,13379,0.258019107756
15,1.0,13379,0.278497613314
15,1.0,13379,0.260762787376
15,1.0,13779,0.264674813597
15,1.0,13779,0.263409074118
15,1.0,13779,0.259083848535
15,1.0,13779,0.242190274732
15,1.0,13779,0.24430700287
27,0.6,6489,0.148333118648
27,0.6,8071,0.112230278277
18,0.8,70,0.974660518843
18,0.8,70,0.971172162123
18,0.8,74,0.714127083854
15,1.0,18775,0.243555910601
15,1.0,18775,0.228636607179
15,1.0,18775,0.22538220054
15,1.0,18775,0.175117471255
15,1.0,18775,0.173644528133
15,1.0,18775,0.180037824295
15,1.0,18775,0.157006874383
18,0.8,80,0.708110544415
27,0.6,8424,0.0971447222517
18,0.8,202,0.575868491582
18,0.8,539,0.555024657578
18,0.8,545,0.53114950283
18,0.8,547,0.498625064659
18,0.8,612,0.423082954766
18,0.8,620,0.398280554409
18,0.8,665,0.386377403
18,0.8,675,0.379334837866
18,0.8,675,0.360256662681
18,0.8,678,0.341738389803
18,0.8,697,0.33020966113
18,0.8,1040,0.308849188853
18,0.8,1040,0.310225862299
18,0.8,1041,0.226050928534
18,0.8,1176,0.22463688823
18,0.8,1176,0.219607138022
18,0.8,1176,0.21511173429
18,0.8,1176,0.207160795516
18,0.8,1176,0.203789264671
18,0.8,1176,0.201234940198
18,0.8,1176,0.193246814259
18,0.8,1176,0.176640644368
27,0.6,9600,0.0466877806495
18,0.8,1616,0.167752181869
18,0.8,1616,0.162041255276
27,0.6,10469,0.0161446883405
18,0.8,2184,0.161007512506
18,0.8,2184,0.160567948691
18,0.8,2184,0.162816627742
18,0.8,2184,0.16224133319
18,0.8,2184,0.1586261418
18,0.8,2184,0.15109582678
15,1.0,21600,0.161520514047
15,1.0,21600,0.151948576134
27,0.6,11269,0.00915341244425
16,1.0,49,0.979918473555
16,1.0,49,0.722076483682
18,0.8,4662,0.143042934783
18,0.8,4662,0.142572356426
18,0.8,4662,0.186633588216
18,0.8,4662,0.188740827172
27,0.6,13339,0.00532114537371
16,1.0,2163,0.756629926124
18,0.8,6716,0.139147129798
18,0.8,6716,0.133654185635
18,0.8,6716,0.129046896394
18,0.8,6716,0.126307848408
18,0.8,6716,0.124692064015
18,0.8,6716,0.12555438451
27,0.6,17791,0.00498379106886
27,0.6,18348,0.00496429631299
27,0.6,18940,1.18251145048e-16
28,0.6,44,0.791462985617
28,0.6,44,0.604672707993
16,1.0,8170,0.752263682557
16,1.0,8191,0.569886622782
16,1.0,10280,0.499887892739
16,1.0,10280,0.443323398685
16,1.0,10280,0.412232886392
16,1.0,10289,0.329036225109
16,1.0,10296,0.320925189226
16,1.0,10318,0.274647424055
16,1.0,10352,0.214847006812
16,1.0,10352,0.21692696251
16,1.0,10364,0.205518232075
16,1.0,10717,0.134606828748
16,1.0,10717,0.126120363313
16,1.0,10717,0.109806457236
28,0.6,5534,0.61431415371
28,0.6,7318,0.321444703238
16,1.0,15880,0.0920351911635
16,1.0,15880,0.0818251654345
16,1.0,15880,0.0758229882159
16,1.0,15880,0.0744769459836
16,1.0,15880,0.0483635032406
16,1.0,15880,0.0495734796376
16,1.0,15880,0.0359471434379
16,1.0,15880,0.0271626956046
16,1.0,15880,0.0243861952426
16,1.0,15880,0.0184174369366
28,0.6,8286,0.317524058092
28,0.6,8323,0.313379421925
28,0.6,8351,0.289873268995
28,0.6,8357,0.279069168273
28,0.6,8383,0.292407831036
28,0.6,8388,0.279338380956
28,0.6,8388,0.279383782049
28,0.6,8400,0.267879983593
28,0.6,8422,0.238878939266
28,0.6,8931,0.234264566493
28,0.6,8931,0.237857636992
28,0.6,8931,0.228980214986
28,0.6,8931,0.227756903625
28,0.6,8931,0.215339675379
28,0.6,8931,0.219094824903
28,0.6,8931,0.213167849918
28,0.6,8931,0.196930603311
28,0.6,8931,0.178031248105
28,0.6,8931,0.180067152581
28,0.6,8931,0.178425783021
28,0.6,9131,0.175768450314
28,0.6,9831,0.174559201999
28,0.6,9831,0.174502200042
28,0.6,10126,0.171931265777
28,0.6,10127,0.159856800193
28,0.6,10127,0.149788778696
28,0.6,10127,0.149278001605
28,0.6,10551,0.150857466092
28,0.6,10551,0.147403193124
19,0.8,13,0.976019374924
19,0.8,13,0.956647162875
19,0.8,17,0.925980136064
19,0.8,17,0.890914128921
19,0.8,21,0.884925250414
19,0.8,49,0.805189739297
28,0.6,11077,0.146562521311
19,0.8,254,0.602058236176
19,0.8,282,0.553412576395
19,0.8,366,0.380514213674
19,0.8,368,0.312137060748
19,0.8,370,0.281524886254
19,0.8,407,0.257986836373
19,0.8,463,0.220461253254
19,0.8,467,0.1578887036
19,0.8,646,0.140729520963
19,0.8,646,0.1359135042
19,0.8,646,0.123151279721
19,0.8,646,0.121071747114
19,0.8,646,0.116054973085
19,0.8,646,0.0949196453078
19,0.8,646,0.0899483163397
19,0.8,646,0.0872701518285
19,0.8,646,0.0815187556374
19,0.8,786,0.0773757325192
19,0.8,786,0.0905992194811
19,0.8,786,0.0610052420737
19,0.8,786,0.0597916759375
19,0.8,786,0.0645864584113
28,0.6,11796,0.140023619128
28,0.6,11796,0.142471014134
28,0.6,11796,0.130606643322
28,0.6,11796,0.125301181544
28,0.6,11796,0.125378594272
19,0.8,1008,0.0637326339384
28,0.6,12697,0.132585550105
28,0.6,12697,0.1313316338
28,0.6,12697,0.131526758583
16,1.0,20654,0.0145604517124
28,0.6,13304,0.131644088121
17,1.0,61,0.910028961351
17,1.0,62,0.863842199634
17,1.0,74,0.813078336386
17,1.0,98,0.747355465987
19,0.8,5182,0.0414053222353
19,0.8,5182,0.0413467581163
19,0.8,5182,0.0413633412797
19,0.8,5182,0.0296794154693
17,1.0,5217,0.724872259644
19,0.8,9794,0.025972275532
19,0.8,9794,0.0228860197328
19,0.8,9794,0.0255057153834
19,0.8,9794,0.0142885395292
29,0.6,25,0.901718536056
29,0.6,25,0.629629604487
29,0.6,28,0.510419756915
29,0.6,301,0.422198306661
29,0.6,304,0.360907589413
29,0.6,343,0.34414775917
29,0.6,343,0.346271521962
29,0.6,343,0.316917903763
29,0.6,360,0.298622470719
29,0.6,369,0.347355230801
29,0.6,374,0.28325174658
29,0.6,374,0.274407249338
29,0.6,1051,0.232739981781
29,0.6,1051,0.196884919734
29,0.6,1051,0.207406680927
29,0.6,1051,0.178755222634
29,0.6,1051,0.136345137086
29,0.6,1051,0.133963446343
29,0.6,1051,0.123290613445
29,0.6,1051,0.097189642307
29,0.6,1051,0.0680834752071
29,0.6,1051,0.0656118396618
29,0.6,1051,0.0616517770709
29,0.6,1371,0.0594170500714
29,0.6,1491,0.0539527869441
29,0.6,1988,0.05929869335
29,0.6,1988,0.0565602355918
17,1.0,9852,0.565076983714
19,0.8,12797,0.0104671859342
19,0.8,12797,0.00909648301424
19,0.8,12797,0.00116302065936
19,0.8,12797,1.72641763026e-16
20,0.8,28,0.948418575743
20,0.8,29,0.919409534607
20,0.8,31,0.932611339147
20,0.8,31,0.85483883752
20,0.8,34,0.812700600208
20,0.8,48,0.667700106733
20,0.8,75,0.675515554591
20,0.8,92,0.473109686653
20,0.8,93,0.451093659774
20,0.8,106,0.440787437353
20,0.8,125,0.414066044298
20,0.8,147,0.381731414292
20,0.8,164,0.294084450543
20,0.8,209,0.320892645408
20,0.8,209,0.252297732521
20,0.8,216,0.230494749632
20,0.8,220,0.227975311474
20,0.8,223,0.213054173349
20,0.8,225,0.148757408644
20,0.8,232,0.14077602543
20,0.8,234,0.123064506587
20,0.8,239,0.0394520190684
20,0.8,246,0.0342739662483
20,0.8,249,0.00724011204866
20,0.8,251,2.1544107066e-16
21,0.8,8,0.617222067324
21,0.8,9,0.301025356773
21,0.8,10,0.148015921951
21,0.8,26,0.0307707614767
21,0.8,72,0.00035161992258
21,0.8,72,2.76826602607e-15
29,0.6,2581,0.056567282585
29,0.6,2581,0.0588018271346
22,0.8,68,0.987477534528
22,0.8,68,0.869208247607
22,0.8,74,0.860233888254
22,0.8,80,0.854595521962
22,0.8,120,0.68745758599
29,0.6,2713,0.0586932407767
22,0.8,213,0.607117849729
22,0.8,213,0.405349971731
22,0.8,993,0.360856668609
22,0.8,1034,0.404455387701
22,0.8,1041,0.288421174429
22,0.8,1096,0.245717678624
22,0.8,1100,0.225656549374
22,0.8,1950,0.21008409436
22,0.8,1950,0.205750247761
22,0.8,1950,0.191177026452
22,0.8,1950,0.18898724097
22,0.8,1950,0.185682772127
22,0.8,1950,0.184262893627
22,0.8,1950,0.182328938536
22,0.8,1950,0.183286620593
22,0.8,1950,0.194541784682
22,0.8,1950,0.154260921042
22,0.8,1950,0.144775845007
22,0.8,1950,0.133300625325
22,0.8,1950,0.140465121873
22,0.8,1950,0.140379883991
22,0.8,2081,0.0834018350309
17,1.0,12363,0.583054444264
17,1.0,12363,0.451599625979
17,1.0,12499,0.470689157748
22,0.8,2348,0.0530292164786
22,0.8,2348,0.0502216639522
17,1.0,13113,0.402343855041
17,1.0,13113,0.40826947017
17,1.0,13113,0.360197138014
17,1.0,13113,0.356174168228
17,1.0,13113,0.344190941064
17,1.0,13113,0.332439439959
17,1.0,13113,0.290462594524
17,1.0,13113,0.284911561062
22,0.8,3249,0.0639882822175
17,1.0,13559,0.287352101415
22,0.8,3427,0.0403028215616
22,0.8,3427,0.0353988769497
22,0.8,3427,0.0348382423666
22,0.8,3686,0.0254262972757
22,0.8,3686,0.0251743453885
17,1.0,14546,0.26467748238
17,1.0,14546,0.265837571731
17,1.0,14546,0.258003869726
17,1.0,14546,0.256996337829
17,1.0,14546,0.255649528452
17,1.0,14546,0.256440841837
22,0.8,6553,0.0249085015686
29,0.6,9715,0.0562279501187
29,0.6,9715,0.047647156609
17,1.0,17665,0.262188064875
17,1.0,17665,0.254738043903
17,1.0,17665,0.229763450034
17,1.0,17665,0.223283767424
17,1.0,17665,0.227725315664
17,1.0,17665,0.220886179022
22,0.8,7997,0.024357127926
22,0.8,7997,7.58284136734e-17
23,0.8,28,0.958997534685
23,0.8,28,0.91653474673
23,0.8,28,0.906309324519
23,0.8,32,0.696682195866
23,0.8,82,0.460754714841
23,0.8,178,0.21749429493
23,0.8,336,0.195762929658
23,0.8,353,0.189317132471
23,0.8,363,0.149648849661
23,0.8,629,0.134775916702
23,0.8,629,0.126283731383
23,0.8,836,0.0977190347349
23,0.8,836,0.086148981645
29,0.6,11590,0.0170349881031
29,0.6,13132,0.00497187229736
23,0.8,3076,0.028022854384
17,1.0,21600,0.170966240701
17,1.0,21600,0.167315017627
17,1.0,21600,0.166316413205
17,1.0,21600,0.134110065228
17,1.0,21600,0.129864548358
18,1.0,52,0.929334018954
18,1.0,52,0.915922723682
18,1.0,62,0.869580368926
18,1.0,76,0.8495545153
18,1.0,266,0.69836355918
18,1.0,266,0.691006714462
18,1.0,437,0.595338736709
18,1.0,718,0.634290014201
23,0.8,5319,0.00797828754298
23,0.8,5895,8.20603245493e-17
24,0.8,66,0.813644069576
24,0.8,88,0.748854713962
24,0.8,285,0.730706311111
24,0.8,392,0.649242333738
24,0.8,393,0.635345328198
24,0.8,768,0.50762330857
18,1.0,4509,0.445371794816
24,0.8,3115,0.332258955444
24,0.8,3178,0.341197131368
24,0.8,3192,0.349261946222
24,0.8,3192,0.306073538956
24,0.8,3192,0.309258299114
24,0.8,3230,0.25721721283
24,0.8,3236,0.29808753344
24,0.8,3272,0.241530799845
24,0.8,3283,0.210634947098
24,0.8,3288,0.231788425793
24,0.8,3295,0.231372912079
24,0.8,3299,0.231412511926
18,1.0,6290,0.393290461036
18,1.0,6361,0.383381379044
18,1.0,6378,0.397840712085
18,1.0,6401,0.419736623633
18,1.0,6401,0.402074745064
18,1.0,6401,0.33491242977
18,1.0,6401,0.292621448426
18,1.0,6418,0.325428200411
24,0.8,4203,0.148735577213
24,0.8,4203,0.148804503198
18,1.0,6926,0.347536961375
18,1.0,6926,0.288951061905
18,1.0,6926,0.269086028201
18,1.0,6926,0.21597019718
18,1.0,7158,0.224243387444
18,1.0,7158,0.17211252087
24,0.8,4678,0.151923832702
29,0.6,21151,0.00345848993642
24,0.8,7260,0.137902927873
24,0.8,7260,0.137396743369
24,0.8,7260,0.130022552963
24,0.8,7260,0.129349299147
24,0.8,7260,0.12925191713
24,0.8,7260,0.126304435067
18,1.0,13384,0.160605105546
18,1.0,13384,0.162552169113
18,1.0,13384,0.15165594
18,1.0,13384,0.157172362664
18,1.0,13384,0.150890429187
24,0.8,11130,0.123918262256
24,0.8,11130,0.124074957931
24,0.8,11130,0.112003956294
24,0.8,11130,0.114740964175
24,0.8,11130,0.111556671244
24,0.8,14841,0.111009000336
24,0.8,18830,0.105787029439
24,0.8,18830,0.0974041782166
24,0.8,18830,0.0917135929925
19,1.0,14,0.843248956709
19,1.0,19,0.591639626579
19,1.0,110,0.404774422313
19,1.0,167,0.325755774066
19,1.0,390,0.307601199005
19,1.0,397,0.252917319235
19,1.0,478,0.23461879595
19,1.0,481,0.191731138186
19,1.0,482,0.179358430725
19,1.0,598,0.16293417621
19,1.0,602,0.172034698395
19,1.0,602,0.142699108444
19,1.0,1086,0.162210630819
19,1.0,1086,0.142166837182
19,1.0,1172,0.139246103533
25,0.8,13,0.983444613502
25,0.8,13,0.971032195501
25,0.8,16,0.952260822398
25,0.8,16,0.746875219774
25,0.8,19,0.759441113758
25,0.8,61,0.487959884344
25,0.8,162,0.190869275096
25,0.8,420,0.146159389533
25,0.8,557,0.0437770498424
25,0.8,557,0.0426838396873
25,0.8,723,0.0407027771604
25,0.8,832,0.0468593379533
25,0.8,1259,3.39028529663e-16
26,0.8,11,0.993302364083
26,0.8,11,0.946731854342
26,0.8,14,0.910323428901
26,0.8,17,0.784037149625
26,0.8,105,0.69445226525
26,0.8,912,0.717349049129
26,0.8,966,0.635528547286
26,0.8,968,0.530648121932
26,0.8,1003,0.418450372178
26,0.8,1007,0.314946831905
26,0.8,1007,0.264521757514
26,0.8,1014,0.256093189746
26,0.8,1014,0.229860018406
26,0.8,1037,0.204015353983
26,0.8,1064,0.201772527663
26,0.8,1074,0.177499499465
26,0.8,1300,0.186438439388
26,0.8,1300,0.170157989583
26,0.8,1668,0.135205232784
26,0.8,1668,0.146076855961
26,0.8,1668,0.0886648625941
26,0.8,1668,0.0807623912139
26,0.8,2036,0.0530531555737
26,0.8,2036,0.0211504957059
26,0.8,2036,0.000261117230938
26,0.8,2036,4.88158496925e-16
27,0.8,24,0.946015517624
27,0.8,25,0.853408621532
27,0.8,31,0.703049022499
27,0.8,40,0.703819864115
27,0.8,203,0.616450225163
27,0.8,365,0.544869641509
27,0.8,664,0.463987573334
27,0.8,725,0.398323113102
27,0.8,768,0.372893456362
27,0.8,787,0.313211684711
27,0.8,787,0.287210046909
27,0.8,1137,0.261042478078
27,0.8,1137,0.242250801053
27,0.8,1137,0.183290627979
27,0.8,1137,0.145221450567
19,1.0,7114,0.139213873083
19,1.0,7114,0.140854677951
27,0.8,1684,0.139019217382
27,0.8,1685,0.134592502238
27,0.8,2287,0.122083208029
27,0.8,2713,0.112159393021
27,0.8,2713,0.117157058087
27,0.8,3095,0.104838856567
27,0.8,4234,0.107952141364
27,0.8,4234,0.104263643463
27,0.8,4234,0.104263520484
27,0.8,4234,0.104263397506
27,0.8,4234,0.082924387249
27,0.8,4234,0.0483040048685
27,0.8,4234,0.0265484054267
27,0.8,4234,0.00160138590742
27,0.8,4234,2.42702298495e-16
28,0.8,43,0.952500306355
28,0.8,43,0.641048393042
28,0.8,60,0.522495903082
28,0.8,1793,0.576609279406
19,1.0,14267,0.123559923443
19,1.0,14267,0.128804538024
19,1.0,14267,0.0551194510288
19,1.0,14267,0.0564018220518
19,1.0,14267,0.0537825203317
19,1.0,14267,0.0181000898688
19,1.0,14267,0.0138784593286
19,1.0,14267,0.0111926095713
19,1.0,14267,0.0111182965403
19,1.0,14267,0.0106333317427
28,0.8,5245,0.571377515738
28,0.8,10566,0.540653421002
20,1.0,15,0.983713266359
20,1.0,15,0.967152304873
20,1.0,16,0.950302778715
20,1.0,19,0.799875959189
20,1.0,56,0.648371406811
20,1.0,86,0.574867631673
20,1.0,122,0.390488547551
20,1.0,158,0.432374965115
20,1.0,232,0.410455162891
20,1.0,235,0.293936523437
20,1.0,238,0.312656968215
20,1.0,273,0.177928417286
20,1.0,305,0.157958139328
20,1.0,309,0.108409369206
20,1.0,564,0.0748764774141
20,1.0,564,0.0741314417475
20,1.0,564,0.0601966010053
20,1.0,564,0.0254366559613
20,1.0,564,0.0186281612743
20,1.0,564,0.0180231396013
20,1.0,564,0.0165031947426
20,1.0,564,0.0105364232253
20,1.0,564,1.90572239532e-16
21,1.0,12,0.627274962379
21,1.0,13,0.321134027249
21,1.0,14,0.363816095485
21,1.0,16,0.147927080218
21,1.0,28,0.152760122297
21,1.0,42,0.137662364177
21,1.0,66,0.0166512662351
21,1.0,121,9.62505906654e-17
22,1.0,63,0.950006742988
22,1.0,64,0.937322518866
22,1.0,73,0.579853880895
28,0.8,14081,0.441332934313
22,1.0,3246,0.569615054998
28,0.8,16081,0.414163185416
28,0.8,16106,0.395782667916
28,0.8,16106,0.380547262353
28,0.8,16119,0.337527367392
28,0.8,16158,0.363757684174
28,0.8,16165,0.268649865958
28,0.8,16173,0.240821886696
28,0.8,16173,0.234495117019
28,0.8,16173,0.23487775336
28,0.8,16743,0.21391652854
28,0.8,16743,0.206662669626
28,0.8,16744,0.210242041521
28,0.8,18008,0.212145772064
28,0.8,18008,0.20466777295
28,0.8,18008,0.206976694905
28,0.8,18008,0.203197218672
28,0.8,18008,0.17642899487
28,0.8,18008,0.168905420599
28,0.8,18870,0.164760357187
22,1.0,7688,0.549797022388
28,0.8,21559,0.166028568786
28,0.8,21559,0.164363751527
28,0.8,21559,0.158132536348
28,0.8,21559,0.127518134721
28,0.8,21559,0.111520093686
28,0.8,21559,0.11006889459
28,0.8,21559,0.108530533804
28,0.8,21559,0.104570970117
28,0.8,21559,0.0963424010974
28,0.8,21559,0.10479630706
28,0.8,21559,0.102164531894
28,0.8,21559,0.102706166032
28,0.8,21559,0.104265732337
29,0.8,101,0.982227682573
29,0.8,107,0.835790680164
29,0.8,108,0.873130307722
29,0.8,116,0.849891701283
29,0.8,285,0.682408593689
29,0.8,285,0.417692407402
29,0.8,375,0.375726425376
22,1.0,9835,0.556090266864
22,1.0,9835,0.427532608621
22,1.0,9841,0.410734851198
22,1.0,9867,0.350342481228
22,1.0,9868,0.264975521543
22,1.0,9912,0.236736219971
22,1.0,9912,0.242332825863
22,1.0,10409,0.242037773074
22,1.0,10409,0.242406912278
22,1.0,10409,0.22717109698
22,1.0,10409,0.217026538298
22,1.0,10409,0.217909183998
22,1.0,10409,0.224968781428
22,1.0,10409,0.233492009552
22,1.0,10409,0.2352619662
22,1.0,10409,0.233719582393
22,1.0,10409,0.23128476113
22,1.0,10409,0.213096882226
22,1.0,10409,0.216567350214
22,1.0,10409,0.210321576487
22,1.0,10409,0.210240853402
22,1.0,10659,0.200146734601
22,1.0,10659,0.199508490087
22,1.0,10659,0.19258021929
22,1.0,10659,0.175056726738
22,1.0,10659,0.180355283278
29,0.8,1996,0.404918481259
29,0.8,1999,0.357933951601
29,0.8,2001,0.380211150451
29,0.8,2007,0.330815234435
22,1.0,11428,0.188897019625
29,0.8,2107,0.282895972726
29,0.8,2310,0.258277940124
29,0.8,3124,0.263688752334
29,0.8,3124,0.19990686651
29,0.8,3124,0.175701183971
29,0.8,3124,0.173141502923
29,0.8,3124,0.158132322444
29,0.8,3124,0.133137253739
29,0.8,3124,0.131627458113
29,0.8,3755,0.129995884339
29,0.8,3755,0.133121285123
29,0.8,3755,0.11091584905
29,0.8,3755,0.106275703866
29,0.8,3755,0.105485070259
29,0.8,5876,0.101054553583
29,0.8,5876,0.0977593126078
22,1.0,16927,0.191412386953
22,1.0,16927,0.188990068669
22,1.0,16927,0.18728789134
22,1.0,16927,0.187671280657
22,1.0,16927,0.184599849164
22,1.0,16927,0.184249189449
22,1.0,16927,0.184836528788
22,1.0,16927,0.184815742231
22,1.0,16927,0.182810861529
22,1.0,16927,0.182659050267
22,1.0,16927,0.182635356311
22,1.0,16927,0.151286688637
22,1.0,16927,0.0931262156223
22,1.0,16927,0.0840722828348
22,1.0,16927,0.0843860476274
22,1.0,16927,0.0859120930723
22,1.0,16927,0.0767331320107
22,1.0,16927,0.0822289932037
22,1.0,16927,0.0819209247955
22,1.0,16927,0.0806833815082
22,1.0,16927,0.0823289350835
22,1.0,16927,0.0804900720713
22,1.0,16927,0.0802962972526
22,1.0,16927,0.0859473734947
22,1.0,16927,0.0813984864895
22,1.0,16927,0.0808138428348
29,0.8,9398,0.0983391446989
22,1.0,21600,0.0801747123212
22,1.0,21600,0.0614123297272
22,1.0,21600,0.061329476398
22,1.0,21600,0.0708782014069
22,1.0,21600,0.0679226544694
22,1.0,21600,0.0658278857722
22,1.0,21600,0.0491135964895
22,1.0,21600,0.0630621906061
22,1.0,21600,0.0485256304912
22,1.0,21600,0.0542057706668
23,1.0,45,0.768010389322
23,1.0,48,0.770495852457
23,1.0,52,0.712373749768
23,1.0,164,0.618276009441
23,1.0,282,0.374971066885
29,0.8,12911,0.0953084016605
29,0.8,12911,0.0922100401144
29,0.8,12911,0.0901108766756
29,0.8,12911,0.0900769401174
29,0.8,16896,0.0867354704977
29,0.8,16896,0.0848478454028
23,1.0,5915,0.361903587854
23,1.0,8079,0.353222586687
23,1.0,8079,0.387700821731
23,1.0,8079,0.337432071262
23,1.0,8085,0.273304924726
23,1.0,8107,0.309147367696
23,1.0,8120,0.296917295478
23,1.0,8171,0.309652166222
23,1.0,8179,0.199446237146
23,1.0,8179,0.191579554568
23,1.0,8463,0.10045800155
23,1.0,8463,0.0606300516011
23,1.0,8463,0.026863121481
29,0.8,20812,0.0848133873347
24,1.0,63,0.998723841326
24,1.0,63,0.992985658145
24,1.0,64,0.957434272851
24,1.0,74,0.970325399213
24,1.0,75,0.945549997295
24,1.0,1980,0.963094957747
24,1.0,1987,0.940848092581
24,1.0,4047,0.89312354246
24,1.0,4060,0.879176496241
24,1.0,8441,0.33962373651
24,1.0,10827,0.338731881197
24,1.0,10839,0.300236436289
24,1.0,10855,0.17182944803
24,1.0,10855,0.159010003587
24,1.0,10895,0.165092161937
24,1.0,13267,0.160696194341
24,1.0,13267,0.128500730019
24,1.0,13267,0.122175620991
24,1.0,13267,0.124501188598
24,1.0,13267,0.108686040901
24,1.0,13267,0.121128318015
24,1.0,13267,0.109122837435
24,1.0,13267,0.106205564095
24,1.0,13267,0.0540894395153
24,1.0,13267,0.0643202432131
24,1.0,13267,0.0452119123801
24,1.0,13267,0.0459451442357
24,1.0,13267,0.0427891244757
24,1.0,13267,0.0420375466693
24,1.0,13267,0.0333021222496
24,1.0,13267,0.0333897408261
24,1.0,13267,0.00681852467977
24,1.0,13267,0.00541103088682
24,1.0,13267,0.00337398580278
24,1.0,13267,0.00206487382263
24,1.0,13267,0.000204228708122
24,1.0,13267,2.88473596421e-16
25,1.0,8,0.72173345975
25,1.0,9,0.708374322448
25,1.0,11,0.344118478366
25,1.0,23,0.185149834412
25,1.0,49,0.161817710947
25,1.0,64,0.0379969605344
25,1.0,112,2.27818957296e-16
26,1.0,21,0.946731854342
26,1.0,21,0.939654612355
26,1.0,25,0.487367500582
26,1.0,1581,0.440737318754
26,1.0,4588,0.387851584015
26,1.0,4592,0.269041852349
26,1.0,6459,0.195596676368
26,1.0,6461,0.160721497288
26,1.0,6465,0.146518012993
26,1.0,6465,0.153753334632
26,1.0,6469,0.117431319869
26,1.0,6532,0.107272775748
26,1.0,6545,0.0833388594601
26,1.0,6550,0.0721009880048
26,1.0,6556,0.0724780416004
26,1.0,6556,0.0724309212296
26,1.0,6556,0.0202156571203
26,1.0,6826,0.00917973461484
26,1.0,6826,0.00917932196831
26,1.0,12898,5.47737502581e-17
27,1.0,25,0.824739738194
27,1.0,31,0.894749139255
27,1.0,36,0.786974117313
27,1.0,98,0.69887655077
27,1.0,475,0.700816026332
27,1.0,878,0.517506332109
27,1.0,2532,0.531274430824
27,1.0,2616,0.477821069121
27,1.0,2623,0.48261815109
27,1.0,2626,0.469199725748
27,1.0,2693,0.401588800142
27,1.0,2710,0.416807800253
27,1.0,2710,0.406342850511
27,1.0,2729,0.272317852734
27,1.0,2771,0.269027834026
27,1.0,2793,0.142878346085
27,1.0,7592,0.170293322315
27,1.0,7592,0.145112024099
27,1.0,7592,0.131766585181
27,1.0,7592,0.122902606123
27,1.0,7592,0.0945045567
27,1.0,7592,0.0853874372878
27,1.0,13007,0.0862971416853
27,1.0,13007,0.0717983429797
27,1.0,19602,0.0699643926853
27,1.0,19602,0.0699053557122
27,1.0,19602,0.0613078835638
27,1.0,19602,0.0407225776879
27,1.0,19602,0.0348071504871
27,1.0,19602,0.0317519432274
27,1.0,19602,0.0271121775475
27,1.0,19602,0.0203407925124
27,1.0,19602,0.0149899151877
27,1.0,19602,0.0145660661623
27,1.0,19602,0.0124908100778
28,1.0,79,0.899491458006
28,1.0,80,0.649399233599
28,1.0,109,0.60008338308
28,1.0,340,0.592320183878
28,1.0,11620,0.324519457039
28,1.0,14789,0.338758851037
28,1.0,14858,0.310083997489
28,1.0,14858,0.296009477666
28,1.0,14873,0.279246807881
28,1.0,14889,0.281018609205
28,1.0,14889,0.266152905446
28,1.0,14916,0.275483798812
28,1.0,14952,0.242082162982
28,1.0,17520,0.230220797296
28,1.0,17520,0.222046629837
28,1.0,17520,0.212032611017
28,1.0,17520,0.164998324537
28,1.0,17520,0.165511486899
28,1.0,17520,0.150902174313
28,1.0,17520,0.158866744735
28,1.0,17520,0.157262561579
28,1.0,17520,0.157980200953
28,1.0,17520,0.149696821574
28,1.0,21600,0.126549188583
28,1.0,21600,0.126580475384
28,1.0,21600,0.125438495294
28,1.0,21600,0.12432943191
28,1.0,21600,0.125162795435
28,1.0,21600,0.11337426323
28,1.0,21600,0.110324492719
28,1.0,21600,0.110051118414
28,1.0,21600,0.109514523296
29,1.0,31,0.77342932432
29,1.0,32,0.495685916366
29,1.0,38,0.416259711034
29,1.0,189,0.322999019649
29,1.0,7627,0.345804905126
29,1.0,7646,0.365389702391
29,1.0,7662,0.372122250375
29,1.0,7672,0.306595528446
29,1.0,7690,0.296585963525
29,1.0,7702,0.237007623649
29,1.0,7719,0.215614462228
29,1.0,7736,0.199797169125
29,1.0,7747,0.159161615311
29,1.0,12045,0.108514345379
29,1.0,12045,0.104673162409
29,1.0,12045,0.108452420113
29,1.0,12045,0.104011344468
29,1.0,12045,0.105580848801
29,1.0,12045,0.0979154807203
29,1.0,12045,0.098206207348
29,1.0,12045,0.095297422598
29,1.0,12045,0.0939015557944
29,1.0,12045,0.083350872599
