name,Phylogeny model,k,Accuracy
0,Perfect,1.0,0.10918216276
1,Perfect,1.0,1.58666738088e-16
2,Perfect,1.0,0.0106110098894
3,Perfect,1.0,0.0830374863708
4,Perfect,1.0,0.0737673036049
5,Perfect,1.0,0.0416741948034
6,Perfect,1.0,1.45837803204e-15
7,Perfect,1.0,0.0739338763633
8,Perfect,1.0,4.37046229227e-17
9,Perfect,1.0,2.99803833525e-16
10,Perfect,1.0,4.99634938378e-16
11,Perfect,1.0,0.142222397807
12,Perfect,1.0,2.82221376391e-17
13,Perfect,1.0,0.0197286188807
14,Perfect,1.0,0.0
15,Perfect,1.0,0.117497674351
16,Perfect,1.0,1.74750182174e-17
17,Perfect,1.0,0.11149609608
18,Perfect,1.0,0.0728997929554
19,Perfect,1.0,0.113490414209
20,Perfect,1.0,0.013535035157
21,Perfect,1.0,4.50229578013e-16
22,Perfect,1.0,0.265893707732
23,Perfect,1.0,2.29813323745e-16
24,Perfect,1.0,0.0132640671125
25,Perfect,1.0,0.00673326340178
26,Perfect,1.0,0.0764253544782
27,Perfect,1.0,0.0654703557453
28,Perfect,1.0,0.0460181533238
29,Perfect,1.0,3.32874166893e-16
30,Perfect,1.0,0.0
31,Perfect,1.0,2.14739069831e-15
32,Perfect,1.0,0.126939381818
33,Perfect,1.0,3.5009368601e-16
34,Perfect,1.0,0.076050310858
35,Perfect,1.0,0.00254394834047
36,Perfect,1.0,7.36312934508e-16
37,Perfect,1.0,3.19205768999e-16
38,Perfect,1.0,2.05159368937e-16
39,Perfect,1.0,3.00717962038e-16
40,Perfect,1.0,0.123556082522
41,Perfect,1.0,9.08354294919e-18
42,Perfect,1.0,0.123687242883
43,Perfect,1.0,1.49135980474e-16
44,Perfect,1.0,0.132662526499
45,Perfect,1.0,0.0
46,Perfect,1.0,0.00843855933165
47,Perfect,1.0,0.0538292569304
48,Perfect,1.0,0.0411083356121
49,Perfect,1.0,0.151409523161
50,Perfect,1.0,0.00973739296811
51,Perfect,1.0,1.10900936441e-15
52,Perfect,1.0,0.0116137081776
53,Perfect,1.0,0.0148864351737
54,Perfect,1.0,0.076552404638
55,Perfect,1.0,9.57056350902e-17
56,Perfect,1.0,0.0540205084151
57,Perfect,1.0,0.140299840559
58,Perfect,1.0,1.17929787483e-15
59,Perfect,1.0,0.0328594754905
60,Perfect,1.0,1.21351924166e-15
61,Perfect,1.0,0.0301887354027
62,Perfect,1.0,1.22969598322e-16
63,Perfect,1.0,6.75711417466e-17
64,Perfect,1.0,0.0459049864813
65,Perfect,1.0,1.96259902647e-15
66,Perfect,1.0,0.0
67,Perfect,1.0,1.27469969786e-15
68,Perfect,1.0,0.00119904424151
69,Perfect,1.0,6.15189090022e-17
70,Perfect,1.0,0.0
71,Perfect,1.0,8.91313571097e-17
72,Perfect,1.0,0.0524839026908
73,Perfect,1.0,6.23182207854e-17
74,Perfect,1.0,0.0112193809032
75,Perfect,1.0,1.49160158956e-16
76,Perfect,1.0,0.0374419166971
77,Perfect,1.0,0.120119247119
78,Perfect,1.0,0.0702812997847
79,Perfect,1.0,1.06007403014e-15
80,Perfect,1.0,4.0787929123e-16
81,Perfect,1.0,0.0801281124145
82,Perfect,1.0,0.0831840742086
83,Perfect,1.0,0.0
84,Perfect,1.0,0.0535057126021
85,Perfect,1.0,8.63715181062e-17
86,Perfect,1.0,1.15181286251e-16
87,Perfect,1.0,0.129673584315
88,Perfect,1.0,0.0
89,Perfect,1.0,0.0526277002989
90,Perfect,1.0,0.213803636376
91,Perfect,1.0,0.0679136854556
92,Perfect,1.0,0.048727041155
93,Perfect,1.0,0.0380385861585
94,Perfect,1.0,5.1441278637e-17
95,Perfect,1.0,9.50667403078e-17
96,Perfect,1.0,3.96079113045e-17
97,Perfect,1.0,0.0494929272824
98,Perfect,1.0,0.0469295758467
99,Perfect,1.0,0.11083793744
0,Perfect,0.8,0.10918216276
1,Perfect,0.8,1.54076184861e-15
2,Perfect,0.8,0.0106110098894
3,Perfect,0.8,0.0763626061484
4,Perfect,0.8,0.0737673036049
5,Perfect,0.8,0.0416741948034
6,Perfect,0.8,1.11029372167e-15
7,Perfect,0.8,0.0739338763633
8,Perfect,0.8,4.63557528567e-17
9,Perfect,0.8,4.73440051944e-17
10,Perfect,0.8,1.95412309928e-15
11,Perfect,0.8,0.142222397807
12,Perfect,0.8,1.16362854467e-16
13,Perfect,0.8,0.0197286188807
14,Perfect,0.8,8.42671097907e-16
15,Perfect,0.8,0.117497674351
16,Perfect,0.8,2.62125273261e-17
17,Perfect,0.8,0.131655961993
18,Perfect,0.8,0.0728997929554
19,Perfect,0.8,0.113490414209
20,Perfect,0.8,0.013535035157
21,Perfect,0.8,8.73763253964e-16
22,Perfect,0.8,0.270621479288
23,Perfect,0.8,4.59626647491e-17
24,Perfect,0.8,0.0132640671125
25,Perfect,0.8,0.00673326340178
26,Perfect,0.8,0.0751448145953
27,Perfect,0.8,0.0654703557453
28,Perfect,0.8,0.0460181533238
29,Perfect,0.8,4.96183988447e-16
30,Perfect,0.8,1.95083131897e-15
31,Perfect,0.8,3.20799312006e-16
32,Perfect,0.8,0.147371174171
33,Perfect,0.8,0.0
34,Perfect,0.8,0.076050310858
35,Perfect,0.8,0.00254394834047
36,Perfect,0.8,1.15538321221e-15
37,Perfect,0.8,6.8816685066e-17
38,Perfect,0.8,9.56560489946e-17
39,Perfect,0.8,9.82975881278e-16
40,Perfect,0.8,0.131745094781
41,Perfect,0.8,4.16260231431e-17
42,Perfect,0.8,0.134313173131
43,Perfect,0.8,9.38813407956e-17
44,Perfect,0.8,0.132662526499
45,Perfect,0.8,6.23853483925e-16
46,Perfect,0.8,0.00843855933165
47,Perfect,0.8,0.0538292569304
48,Perfect,0.8,0.0411083356121
49,Perfect,0.8,0.169654882724
50,Perfect,0.8,0.00973739296811
51,Perfect,0.8,6.21657256068e-17
52,Perfect,0.8,0.0116137081776
53,Perfect,0.8,0.0148864351737
54,Perfect,0.8,0.076552404638
55,Perfect,0.8,5.26842181764e-17
56,Perfect,0.8,0.0540205084151
57,Perfect,0.8,0.140255751422
58,Perfect,0.8,1.01003271071e-15
59,Perfect,0.8,0.0328594754905
60,Perfect,0.8,1.65718816614e-15
61,Perfect,0.8,0.0301887354027
62,Perfect,0.8,1.81839842583e-15
63,Perfect,0.8,1.10200925811e-16
64,Perfect,0.8,0.0459049864813
65,Perfect,0.8,1.66078248002e-15
66,Perfect,0.8,4.91579662602e-17
67,Perfect,0.8,1.09570937169e-15
68,Perfect,0.8,0.00119904424151
69,Perfect,0.8,1.73568371028e-17
70,Perfect,0.8,6.57202481265e-17
71,Perfect,0.8,0.0
72,Perfect,0.8,0.0834878113043
73,Perfect,0.8,7.93487409516e-16
74,Perfect,0.8,0.0112193809032
75,Perfect,0.8,8.09383822577e-17
76,Perfect,0.8,0.0374419166971
77,Perfect,0.8,0.123100802901
78,Perfect,0.8,0.0702812997847
79,Perfect,0.8,1.14379198371e-16
80,Perfect,0.8,8.26320349492e-18
81,Perfect,0.8,0.0856684397167
82,Perfect,0.8,0.13601343695
83,Perfect,0.8,0.0
84,Perfect,0.8,0.0535057126021
85,Perfect,0.8,6.25576786286e-17
86,Perfect,0.8,1.71930014512e-16
87,Perfect,0.8,0.129673584315
88,Perfect,0.8,9.61804519838e-17
89,Perfect,0.8,0.0526277002989
90,Perfect,0.8,0.237944341685
91,Perfect,0.8,0.0679136854556
92,Perfect,0.8,0.048727041155
93,Perfect,0.8,0.0380385861585
94,Perfect,0.8,2.06407128946e-16
95,Perfect,0.8,1.48422900734e-16
96,Perfect,0.8,4.26590260082e-16
97,Perfect,0.8,0.0494929272824
98,Perfect,0.8,0.0469295758467
99,Perfect,0.8,0.11083793744
0,Perfect,0.6,0.10918216276
1,Perfect,0.6,8.72959393943e-17
2,Perfect,0.6,0.0106110098894
3,Perfect,0.6,0.0763626061484
4,Perfect,0.6,0.0737673036049
5,Perfect,0.6,0.0416741948034
6,Perfect,0.6,1.16520758313e-16
7,Perfect,0.6,0.158055138471
8,Perfect,0.6,6.41766338105e-17
9,Perfect,0.6,5.98859559876e-17
10,Perfect,0.6,1.47957422225e-15
11,Perfect,0.6,0.142222397807
12,Perfect,0.6,0.0
13,Perfect,0.6,0.0197286188807
14,Perfect,0.6,6.67442627315e-16
15,Perfect,0.6,0.117497674351
16,Perfect,0.6,0.0453629926299
17,Perfect,0.6,0.188393024978
18,Perfect,0.6,0.0728997929554
19,Perfect,0.6,0.113490414209
20,Perfect,0.6,0.013535035157
21,Perfect,0.6,6.30710143091e-16
22,Perfect,0.6,0.265893707732
23,Perfect,0.6,3.25005119255e-17
24,Perfect,0.6,0.0236633415187
25,Perfect,0.6,0.0784482305732
26,Perfect,0.6,0.131958500865
27,Perfect,0.6,0.182357106741
28,Perfect,0.6,0.0460181533238
29,Perfect,0.6,1.82518350267e-16
30,Perfect,0.6,2.89801488323e-16
31,Perfect,0.6,0.115852514119
32,Perfect,0.6,0.220060257336
33,Perfect,0.6,1.36478167699e-16
34,Perfect,0.6,0.076050310858
35,Perfect,0.6,0.00254394834047
36,Perfect,0.6,8.33042990506e-16
37,Perfect,0.6,9.26472976403e-17
38,Perfect,0.6,1.71559775e-16
39,Perfect,0.6,0.154708244818
40,Perfect,0.6,0.127588287594
41,Perfect,0.6,9.36618556662e-16
42,Perfect,0.6,0.134313173131
43,Perfect,0.6,5.37013056917e-17
44,Perfect,0.6,0.158898944922
45,Perfect,0.6,7.27677480893e-17
46,Perfect,0.6,0.117102584419
47,Perfect,0.6,0.0538292569304
48,Perfect,0.6,0.0411083356121
49,Perfect,0.6,0.19725145713
50,Perfect,0.6,0.10720937809
51,Perfect,0.6,0.0
52,Perfect,0.6,0.0116137081776
53,Perfect,0.6,0.0148864351737
54,Perfect,0.6,0.090686696881
55,Perfect,0.6,0.0504323937646
56,Perfect,0.6,0.0540205084151
57,Perfect,0.6,0.198950884727
58,Perfect,0.6,1.03400008017e-15
59,Perfect,0.6,0.159468695646
60,Perfect,0.6,6.69717176812e-16
61,Perfect,0.6,0.0525480940928
62,Perfect,0.6,0.0
63,Perfect,0.6,5.65756883228e-17
64,Perfect,0.6,0.153235971826
65,Perfect,0.6,1.01201716716e-15
66,Perfect,0.6,0.0
67,Perfect,0.6,9.21523618854e-16
68,Perfect,0.6,0.0472564269599
69,Perfect,0.6,1.77005702163e-16
70,Perfect,0.6,7.43539729784e-17
71,Perfect,0.6,2.10384530253e-16
72,Perfect,0.6,0.190771295972
73,Perfect,0.6,0.077732903104
74,Perfect,0.6,0.120553790108
75,Perfect,0.6,1.4237656438e-16
76,Perfect,0.6,0.120958618382
77,Perfect,0.6,0.127222777812
78,Perfect,0.6,0.130645025111
79,Perfect,0.6,9.60977481035e-17
80,Perfect,0.6,1.41201683218e-16
81,Perfect,0.6,0.112840081587
82,Perfect,0.6,0.152321018853
83,Perfect,0.6,9.62714972513e-18
84,Perfect,0.6,0.0535057126021
85,Perfect,0.6,0.098106783636
86,Perfect,0.6,1.79941962141e-16
87,Perfect,0.6,0.129673584315
88,Perfect,0.6,2.26050858572e-16
89,Perfect,0.6,0.12374791759
90,Perfect,0.6,0.243436959646
91,Perfect,0.6,0.109895772969
92,Perfect,0.6,0.0494646929043
93,Perfect,0.6,0.0380385861585
94,Perfect,0.6,1.72922289397e-16
95,Perfect,0.6,1.66931709883e-16
96,Perfect,0.6,7.98322974521e-17
97,Perfect,0.6,0.0494929272824
98,Perfect,0.6,0.0469295758467
99,Perfect,0.6,0.133161431204
0,Perfect,0.4,0.114667717986
1,Perfect,0.4,0.122639302476
2,Perfect,0.4,0.14199407432
3,Perfect,0.4,0.212638292216
4,Perfect,0.4,0.17694176342
5,Perfect,0.4,0.22920109558
6,Perfect,0.4,2.6384941576e-15
7,Perfect,0.4,0.251066879832
8,Perfect,0.4,0.198284139721
9,Perfect,0.4,0.161256586907
10,Perfect,0.4,0.161558494319
11,Perfect,0.4,0.187627135571
12,Perfect,0.4,0.235379842375
13,Perfect,0.4,0.0805512962683
14,Perfect,0.4,1.09672014846e-16
15,Perfect,0.4,0.1234273956
16,Perfect,0.4,0.097640479817
17,Perfect,0.4,0.218377847582
18,Perfect,0.4,0.131930432065
19,Perfect,0.4,0.187886359297
20,Perfect,0.4,0.143424855517
21,Perfect,0.4,1.27396164132e-16
22,Perfect,0.4,0.295550336427
23,Perfect,0.4,0.164022660587
24,Perfect,0.4,0.211719869064
25,Perfect,0.4,0.169930481645
26,Perfect,0.4,0.303740577527
27,Perfect,0.4,0.226267685989
28,Perfect,0.4,0.148777169615
29,Perfect,0.4,0.125746539325
30,Perfect,0.4,0.203037216362
31,Perfect,0.4,0.353642962946
32,Perfect,0.4,0.300503984024
33,Perfect,0.4,0.136382676107
34,Perfect,0.4,0.136184978564
35,Perfect,0.4,0.116850507896
36,Perfect,0.4,9.81750579344e-17
37,Perfect,0.4,0.219920692798
38,Perfect,0.4,0.269828449534
39,Perfect,0.4,0.316267121126
40,Perfect,0.4,0.197151226122
41,Perfect,0.4,0.146070545959
42,Perfect,0.4,0.251600681969
43,Perfect,0.4,0.117033542681
44,Perfect,0.4,0.216092393807
45,Perfect,0.4,0.0972337172525
46,Perfect,0.4,0.246008175243
47,Perfect,0.4,0.156727535559
48,Perfect,0.4,0.0411083356121
49,Perfect,0.4,0.282564068562
50,Perfect,0.4,0.186001754986
51,Perfect,0.4,0.184147541584
52,Perfect,0.4,0.178499649218
53,Perfect,0.4,0.0148864351737
54,Perfect,0.4,0.194425681071
55,Perfect,0.4,0.12117461222
56,Perfect,0.4,0.0835115412361
57,Perfect,0.4,0.322172208265
58,Perfect,0.4,1.93518005496e-15
59,Perfect,0.4,0.276926478659
60,Perfect,0.4,6.06333442402e-17
61,Perfect,0.4,0.153827298959
62,Perfect,0.4,0.157831881398
63,Perfect,0.4,0.121399671755
64,Perfect,0.4,0.268372993518
65,Perfect,0.4,0.165939067525
66,Perfect,0.4,1.2041193413e-16
67,Perfect,0.4,0.0780214865843
68,Perfect,0.4,0.213996904677
69,Perfect,0.4,0.114830530244
70,Perfect,0.4,0.218040357232
71,Perfect,0.4,0.136088008547
72,Perfect,0.4,0.273605943375
73,Perfect,0.4,0.197443918399
74,Perfect,0.4,0.237920427439
75,Perfect,0.4,0.0266612172305
76,Perfect,0.4,0.25400672156
77,Perfect,0.4,0.261018812415
78,Perfect,0.4,0.290816442429
79,Perfect,0.4,0.201746863844
80,Perfect,0.4,0.0964560524976
81,Perfect,0.4,0.189887514486
82,Perfect,0.4,0.198612968988
83,Perfect,0.4,0.22976639894
84,Perfect,0.4,0.193529648635
85,Perfect,0.4,0.228682544135
86,Perfect,0.4,0.257089199092
87,Perfect,0.4,0.134673731523
88,Perfect,0.4,0.125747281317
89,Perfect,0.4,0.291201598569
90,Perfect,0.4,0.29892115935
91,Perfect,0.4,0.204633018558
92,Perfect,0.4,0.147961456877
93,Perfect,0.4,0.186284416409
94,Perfect,0.4,0.174908143491
95,Perfect,0.4,0.177747154003
96,Perfect,0.4,0.0484473756112
97,Perfect,0.4,0.151137743401
98,Perfect,0.4,0.149454770357
99,Perfect,0.4,0.223179702228
0,Persistent,1.0,4.39627075712e-17
1,Persistent,1.0,8.08203353198e-17
2,Persistent,1.0,1.51294692601e-15
3,Persistent,1.0,8.04373039115e-17
4,Persistent,1.0,0.0
5,Persistent,1.0,4.49360806055e-17
6,Persistent,1.0,1.08086122354e-16
7,Persistent,1.0,3.41221755238e-16
8,Persistent,1.0,1.1665941973e-16
9,Persistent,1.0,2.99429779938e-17
10,Persistent,1.0,3.25741482287e-15
11,Persistent,1.0,9.3318919701e-17
12,Persistent,1.0,1.99560649042e-16
13,Persistent,1.0,1.07153424247e-15
14,Persistent,1.0,1.19544918408e-15
15,Persistent,1.0,1.27324935983e-16
16,Persistent,1.0,3.90753286422e-17
17,Persistent,1.0,0.00311446384944
18,Persistent,1.0,5.15056709227e-17
19,Persistent,1.0,6.06479374059e-17
20,Persistent,1.0,7.53320957439e-17
21,Persistent,1.0,1.31238114879e-16
22,Persistent,1.0,5.42512315683e-17
23,Persistent,1.0,5.1387821403e-17
24,Persistent,1.0,1.66468648009e-15
25,Persistent,1.0,4.59365819708e-17
26,Persistent,1.0,3.17598382387e-17
27,Persistent,1.0,5.66062879415e-16
28,Persistent,1.0,2.57393706879e-16
29,Persistent,1.0,4.33681165478e-16
30,Persistent,1.0,1.01418890973e-15
31,Persistent,1.0,1.51623822312e-15
32,Persistent,1.0,2.04755586663e-16
33,Persistent,1.0,8.05276875387e-16
34,Persistent,1.0,1.36477177224e-16
35,Persistent,1.0,7.08620463971e-16
36,Persistent,1.0,1.41206657114e-15
37,Persistent,1.0,3.4408342533e-17
38,Persistent,1.0,1.22250276858e-16
39,Persistent,1.0,1.40647948e-16
40,Persistent,1.0,6.75384250396e-17
41,Persistent,1.0,1.63503773085e-16
42,Persistent,1.0,7.76582077622e-17
43,Persistent,1.0,1.23920926363e-16
44,Persistent,1.0,7.21918925938e-17
45,Persistent,1.0,1.48536543792e-17
46,Persistent,1.0,1.8009994454e-16
47,Persistent,1.0,4.89008169343e-17
48,Persistent,1.0,0.0
49,Persistent,1.0,6.13200545449e-17
50,Persistent,1.0,1.07762923585e-16
51,Persistent,1.0,1.99027432185e-16
52,Persistent,1.0,3.77245462728e-17
53,Persistent,1.0,3.67272512987e-17
54,Persistent,1.0,8.64776392211e-17
55,Persistent,1.0,6.86918163703e-17
56,Persistent,1.0,6.54109474424e-16
57,Persistent,1.0,0.00336738335602
58,Persistent,1.0,9.26367077686e-16
59,Persistent,1.0,1.97550019129e-16
60,Persistent,1.0,1.07656205917e-15
61,Persistent,1.0,4.92402076989e-17
62,Persistent,1.0,1.27927456344e-15
63,Persistent,1.0,9.02398659856e-17
64,Persistent,1.0,1.21163033572e-16
65,Persistent,1.0,1.96223622047e-15
66,Persistent,1.0,0.0
67,Persistent,1.0,1.27631836479e-15
68,Persistent,1.0,1.33120652446e-15
69,Persistent,1.0,0.0
70,Persistent,1.0,4.76822932929e-16
71,Persistent,1.0,5.11651108043e-16
72,Persistent,1.0,5.02554471943e-17
73,Persistent,1.0,1.23383782225e-15
74,Persistent,1.0,4.17486366028e-17
75,Persistent,1.0,4.97200529853e-17
76,Persistent,1.0,2.40625581983e-16
77,Persistent,1.0,4.84559142796e-17
78,Persistent,1.0,2.80920129796e-16
79,Persistent,1.0,1.33647290343e-15
80,Persistent,1.0,3.71844157271e-17
81,Persistent,1.0,1.05711883997e-16
82,Persistent,1.0,6.2484650437e-17
83,Persistent,1.0,1.0536452478e-15
84,Persistent,1.0,1.18463247027e-16
85,Persistent,1.0,4.42349587735e-17
86,Persistent,1.0,1.33828561033e-16
87,Persistent,1.0,2.73611823756e-15
88,Persistent,1.0,5.91408303039e-16
89,Persistent,1.0,1.40365876072e-16
90,Persistent,1.0,5.78030771638e-17
91,Persistent,1.0,3.08984096534e-17
92,Persistent,1.0,7.03030415153e-18
93,Persistent,1.0,6.05901207709e-17
94,Persistent,1.0,9.20209567056e-17
95,Persistent,1.0,3.48217760311e-16
96,Persistent,1.0,8.67765859085e-17
97,Persistent,1.0,3.70770495445e-17
98,Persistent,1.0,1.06865472341e-15
99,Persistent,1.0,4.15330764931e-17
0,Persistent,0.8,5.07637621011e-17
1,Persistent,0.8,4.66616423529e-17
2,Persistent,0.8,9.30046381081e-16
3,Persistent,0.8,4.48104970557e-17
4,Persistent,0.8,2.04132998322e-17
5,Persistent,0.8,2.10768900657e-16
6,Persistent,0.8,9.95712360985e-16
7,Persistent,0.8,6.01252509124e-16
8,Persistent,0.8,1.148546348e-16
9,Persistent,0.8,0.0
10,Persistent,0.8,1.91746198908e-15
11,Persistent,0.8,1.05578305494e-16
12,Persistent,0.8,0.0
13,Persistent,0.8,1.87578175878e-15
14,Persistent,0.8,1.07456190175e-15
15,Persistent,0.8,1.1681094311e-16
16,Persistent,0.8,1.74750182174e-17
17,Persistent,0.8,0.038313287359
18,Persistent,0.8,8.14376162654e-17
19,Persistent,0.8,1.17038545029e-16
20,Persistent,0.8,1.07796492547e-16
21,Persistent,0.8,1.38148107114e-15
22,Persistent,0.8,3.00931687964e-17
23,Persistent,0.8,4.59626647491e-17
24,Persistent,0.8,1.60066007701e-17
25,Persistent,0.8,8.6785264493e-17
26,Persistent,0.8,1.40472224281e-16
27,Persistent,0.8,1.94216631338e-16
28,Persistent,0.8,5.53183189637e-17
29,Persistent,0.8,1.491793786e-16
30,Persistent,0.8,8.90847993409e-16
31,Persistent,0.8,1.0308638666e-16
32,Persistent,0.8,0.034582737597
33,Persistent,0.8,0.0
34,Persistent,0.8,1.49978859022e-15
35,Persistent,0.8,2.668434122e-17
36,Persistent,0.8,9.37173364319e-16
37,Persistent,0.8,6.82389958516e-16
38,Persistent,0.8,5.52270456366e-17
39,Persistent,0.8,6.32147875854e-17
40,Persistent,0.8,9.67003084612e-17
41,Persistent,0.8,1.0900251539e-16
42,Persistent,0.8,1.60151613646e-15
43,Persistent,0.8,8.49092196553e-17
44,Persistent,0.8,0.00180372233246
45,Persistent,0.8,0.0
46,Persistent,0.8,2.15403115773e-16
47,Persistent,0.8,6.2758227542e-17
48,Persistent,0.8,9.3271514066e-17
49,Persistent,0.8,0.0619050168049
50,Persistent,0.8,8.26923333554e-17
51,Persistent,0.8,0.0
52,Persistent,0.8,9.4334940577e-17
53,Persistent,0.8,1.52539731029e-16
54,Persistent,0.8,9.18876194729e-17
55,Persistent,0.8,9.71448983349e-17
56,Persistent,0.8,1.77138715171e-15
57,Persistent,0.8,0.06108711585
58,Persistent,0.8,1.09528487342e-15
59,Persistent,0.8,9.0746053132e-17
60,Persistent,0.8,1.38928444809e-16
61,Persistent,0.8,1.06066653438e-16
62,Persistent,0.8,2.15239849339e-18
63,Persistent,0.8,1.25760723966e-16
64,Persistent,0.8,5.59721095941e-16
65,Persistent,0.8,1.81158975588e-15
66,Persistent,0.8,0.0
67,Persistent,0.8,8.20406923415e-16
68,Persistent,0.8,1.18857725399e-17
69,Persistent,0.8,3.88110676364e-17
70,Persistent,0.8,9.47830897825e-17
71,Persistent,0.8,6.5237473429e-17
72,Persistent,0.8,2.02538955876e-16
73,Persistent,0.8,5.0483528712e-17
74,Persistent,0.8,5.68938015159e-17
75,Persistent,0.8,1.43470570741e-15
76,Persistent,0.8,4.15074450094e-17
77,Persistent,0.8,5.81754823445e-16
78,Persistent,0.8,5.1914425712e-17
79,Persistent,0.8,7.24062149788e-17
80,Persistent,0.8,5.72491531459e-17
81,Persistent,0.8,2.11423767993e-16
82,Persistent,0.8,0.0331416553107
83,Persistent,0.8,0.0
84,Persistent,0.8,5.2594931422e-17
85,Persistent,0.8,4.42349587735e-17
86,Persistent,0.8,3.64917510337e-16
87,Persistent,0.8,1.03464798186e-15
88,Persistent,0.8,2.09882953138e-17
89,Persistent,0.8,9.77573360758e-17
90,Persistent,0.8,1.82250970836e-16
91,Persistent,0.8,4.49157567168e-16
92,Persistent,0.8,1.98847029574e-17
93,Persistent,0.8,6.06196985714e-17
94,Persistent,0.8,7.47230500505e-16
95,Persistent,0.8,2.04438682518e-15
96,Persistent,0.8,0.0
97,Persistent,0.8,1.29769673406e-16
98,Persistent,0.8,7.88852324103e-18
99,Persistent,0.8,0.0
0,Persistent,0.6,5.23260882741e-17
1,Persistent,0.6,8.41204720503e-17
2,Persistent,0.6,3.8751932545e-17
3,Persistent,0.6,0.00498630015656
4,Persistent,0.6,1.04087814181e-16
5,Persistent,0.6,0.00477996306811
6,Persistent,0.6,1.28495753989e-15
7,Persistent,0.6,0.0475794053946
8,Persistent,0.6,3.46980714915e-16
9,Persistent,0.6,8.72980321352e-17
10,Persistent,0.6,2.05002698368e-17
11,Persistent,0.6,0.0185849284049
12,Persistent,0.6,0.0
13,Persistent,0.6,2.00372411711e-16
14,Persistent,0.6,9.55166134885e-16
15,Persistent,0.6,6.97387395708e-17
16,Persistent,0.6,0.0113549719452
17,Persistent,0.6,0.103227181192
18,Persistent,0.6,8.14376162654e-17
19,Persistent,0.6,0.0196792497122
20,Persistent,0.6,5.57467203671e-17
21,Persistent,0.6,1.02758431842e-15
22,Persistent,0.6,1.0559443795e-16
23,Persistent,0.6,1.10549525085e-15
24,Persistent,0.6,0.0195963837344
25,Persistent,0.6,0.0754876357144
26,Persistent,0.6,0.107895959173
27,Persistent,0.6,0.102354996242
28,Persistent,0.6,8.65868651226e-17
29,Persistent,0.6,4.00280370168e-16
30,Persistent,0.6,9.83004682383e-16
31,Persistent,0.6,8.42139704291e-16
32,Persistent,0.6,0.133784215128
33,Persistent,0.6,0.0
34,Persistent,0.6,6.13296513375e-16
35,Persistent,0.6,9.70229464198e-16
36,Persistent,0.6,3.43612702771e-16
37,Persistent,0.6,0.0
38,Persistent,0.6,1.86467967477e-16
39,Persistent,0.6,0.108863941451
40,Persistent,0.6,0.0430000261267
41,Persistent,0.6,9.08354294919e-18
42,Persistent,0.6,6.06408722387e-17
43,Persistent,0.6,3.98259542026e-17
44,Persistent,0.6,0.070055757977
45,Persistent,0.6,6.12431859318e-17
46,Persistent,0.6,0.0788208608731
47,Persistent,0.6,1.221081317e-16
48,Persistent,0.6,0.0
49,Persistent,0.6,0.138664422843
50,Persistent,0.6,0.0612893487727
51,Persistent,0.6,4.64426235674e-16
52,Persistent,0.6,1.68709299773e-17
53,Persistent,0.6,1.13200991098e-16
54,Persistent,0.6,0.04571540665
55,Persistent,0.6,0.0412913510761
56,Persistent,0.6,8.1763684303e-17
57,Persistent,0.6,0.189419934985
58,Persistent,0.6,1.00975895201e-15
59,Persistent,0.6,0.0813748853028
60,Persistent,0.6,1.06075865298e-15
61,Persistent,0.6,0.0578801841802
62,Persistent,0.6,1.11593092123e-16
63,Persistent,0.6,1.68089844133e-16
64,Persistent,0.6,0.101753122617
65,Persistent,0.6,1.63514393543e-15
66,Persistent,0.6,2.55432285478e-16
67,Persistent,0.6,1.09429524845e-15
68,Persistent,0.6,0.0465520573623
69,Persistent,0.6,6.25809661542e-17
70,Persistent,0.6,1.39803512716e-15
71,Persistent,0.6,0.0
72,Persistent,0.6,0.143387694068
73,Persistent,0.6,0.0719511060373
74,Persistent,0.6,0.0703779513224
75,Persistent,0.6,2.03791574009e-16
76,Persistent,0.6,0.11985960183
77,Persistent,0.6,0.0569748022537
78,Persistent,0.6,0.110130202428
79,Persistent,0.6,0.0
80,Persistent,0.6,3.30528139797e-17
81,Persistent,0.6,0.0504641988313
82,Persistent,0.6,0.0944689724724
83,Persistent,0.6,7.26833865083e-17
84,Persistent,0.6,1.65098317475e-16
85,Persistent,0.6,0.0742615147204
86,Persistent,0.6,3.10936143635e-16
87,Persistent,0.6,9.02828232295e-17
88,Persistent,0.6,1.32741634792e-16
89,Persistent,0.6,0.0251476025007
90,Persistent,0.6,0.052277716523
91,Persistent,0.6,0.0863991449285
92,Persistent,0.6,3.14404759707e-17
93,Persistent,0.6,8.57710087937e-17
94,Persistent,0.6,1.84366934874e-15
95,Persistent,0.6,4.10735261985e-16
96,Persistent,0.6,0.0
97,Persistent,0.6,1.85385247723e-17
98,Persistent,0.6,6.62635952247e-16
99,Persistent,0.6,0.058061349809
0,Persistent,0.4,0.0717234931225
1,Persistent,0.4,0.122639302476
2,Persistent,0.4,0.141597046619
3,Persistent,0.4,0.169219709574
4,Persistent,0.4,0.17694176342
5,Persistent,0.4,0.178083288142
6,Persistent,0.4,7.99616207558e-17
7,Persistent,0.4,0.150974690917
8,Persistent,0.4,0.193184002689
9,Persistent,0.4,0.161256586907
10,Persistent,0.4,0.161558494319
11,Persistent,0.4,0.161599034141
12,Persistent,0.4,0.194327012561
13,Persistent,0.4,0.0780979700605
14,Persistent,0.4,1.37596822573e-16
15,Persistent,0.4,0.0377970700823
16,Persistent,0.4,0.0933974655631
17,Persistent,0.4,0.142512273477
18,Persistent,0.4,0.145442834018
19,Persistent,0.4,0.141051389899
20,Persistent,0.4,0.147246221958
21,Persistent,0.4,1.26089502266e-16
22,Persistent,0.4,0.118802425522
23,Persistent,0.4,6.50010238509e-17
24,Persistent,0.4,0.183093322432
25,Persistent,0.4,0.161926377941
26,Persistent,0.4,0.265076435293
27,Persistent,0.4,0.227214736823
28,Persistent,0.4,0.133609651309
29,Persistent,0.4,0.117614945358
30,Persistent,0.4,0.203037216362
31,Persistent,0.4,0.341301390577
32,Persistent,0.4,0.302009104158
33,Persistent,0.4,0.0618171541088
34,Persistent,0.4,0.078793852159
35,Persistent,0.4,0.120006465674
36,Persistent,0.4,7.36312934508e-17
37,Persistent,0.4,0.219920692798
38,Persistent,0.4,0.273095397683
39,Persistent,0.4,0.287007212772
40,Persistent,0.4,0.157972971548
41,Persistent,0.4,0.146070545959
42,Persistent,0.4,0.186487957562
43,Persistent,0.4,0.117033542681
44,Persistent,0.4,0.167947353614
45,Persistent,0.4,0.0967641415922
46,Persistent,0.4,0.225092255335
47,Persistent,0.4,0.151692586991
48,Persistent,0.4,4.94646900657e-17
49,Persistent,0.4,0.258313586907
50,Persistent,0.4,0.167217991308
51,Persistent,0.4,0.248757049459
52,Persistent,0.4,0.208062100084
53,Persistent,0.4,5.50908769481e-17
54,Persistent,0.4,0.177171858893
55,Persistent,0.4,0.12117461222
56,Persistent,0.4,0.0636864364697
57,Persistent,0.4,0.298715650737
58,Persistent,0.4,9.40583259835e-17
59,Persistent,0.4,0.233788079949
60,Persistent,0.4,1.2951288007e-16
61,Persistent,0.4,0.153827298959
62,Persistent,0.4,0.126639998029
63,Persistent,0.4,0.115174035292
64,Persistent,0.4,0.229535813749
65,Persistent,0.4,0.165939067525
66,Persistent,0.4,7.05977541895e-17
67,Persistent,0.4,0.0780214865843
68,Persistent,0.4,0.274268315769
69,Persistent,0.4,0.107652685085
70,Persistent,0.4,0.218040357232
71,Persistent,0.4,0.136088008547
72,Persistent,0.4,0.239213548121
73,Persistent,0.4,0.203027904033
74,Persistent,0.4,0.187715059411
75,Persistent,0.4,0.0266612172305
76,Persistent,0.4,0.25400672156
77,Persistent,0.4,0.219763826516
78,Persistent,0.4,0.237281416111
79,Persistent,0.4,0.201746863844
80,Persistent,0.4,0.0895502695873
81,Persistent,0.4,0.173147926306
82,Persistent,0.4,0.186702009892
83,Persistent,0.4,0.22976639894
84,Persistent,0.4,0.166104302252
85,Persistent,0.4,0.228682544135
86,Persistent,0.4,0.257089199092
87,Persistent,0.4,0.134673731523
88,Persistent,0.4,0.0950478229789
89,Persistent,0.4,0.287908192223
90,Persistent,0.4,0.12999087972
91,Persistent,0.4,0.171064184898
92,Persistent,0.4,0.116909039409
93,Persistent,0.4,0.171678765691
94,Persistent,0.4,0.174908143491
95,Persistent,0.4,0.177747154003
96,Persistent,0.4,0.0484473756112
97,Persistent,0.4,0.151137743401
98,Persistent,0.4,0.142971531224
99,Persistent,0.4,0.223179702228
0,Dollo(2),1.0,7.64425083834e-17
1,Dollo(2),1.0,4.66616423529e-17
2,Dollo(2),1.0,7.75038650901e-17
3,Dollo(2),1.0,0.0
4,Dollo(2),1.0,7.08627497365e-16
5,Dollo(2),1.0,4.12361756375e-17
6,Dollo(2),1.0,1.39066370801e-16
7,Dollo(2),1.0,6.35503307369e-17
8,Dollo(2),1.0,5.46307786533e-17
9,Dollo(2),1.0,1.01673937988e-15
10,Dollo(2),1.0,2.13202806302e-15
11,Dollo(2),1.0,1.21529756163e-16
12,Dollo(2),1.0,1.29330082005e-16
13,Dollo(2),1.0,1.26978755634e-15
14,Dollo(2),1.0,1.19395766861e-15
15,Dollo(2),1.0,4.15435205891e-16
16,Dollo(2),1.0,2.15623597604e-16
17,Dollo(2),1.0,5.4027335547e-17
18,Dollo(2),1.0,3.6420009179e-17
19,Dollo(2),1.0,5.03653706401e-17
20,Dollo(2),1.0,7.35165977318e-17
21,Dollo(2),1.0,8.13904237348e-17
22,Dollo(2),1.0,5.31977093083e-17
23,Dollo(2),1.0,7.96096705966e-17
24,Dollo(2),1.0,1.84138532729e-15
25,Dollo(2),1.0,7.58033906973e-17
26,Dollo(2),1.0,5.02167134764e-17
27,Dollo(2),1.0,8.49135987458e-17
28,Dollo(2),1.0,5.32465760083e-16
29,Dollo(2),1.0,2.96450214997e-16
30,Dollo(2),1.0,0.0
31,Dollo(2),1.0,2.73082509408e-17
32,Dollo(2),1.0,1.33105958316e-16
33,Dollo(2),1.0,0.0
34,Dollo(2),1.0,5.91687289335e-17
35,Dollo(2),1.0,2.4963963154e-17
36,Dollo(2),1.0,1.47752646782e-15
37,Dollo(2),1.0,1.8356133215e-15
38,Dollo(2),1.0,1.10454091273e-16
39,Dollo(2),1.0,1.53842662758e-16
40,Dollo(2),1.0,1.22689641892e-16
41,Dollo(2),1.0,1.0900251539e-16
42,Dollo(2),1.0,5.69063780405e-17
43,Dollo(2),1.0,3.50089681228e-17
44,Dollo(2),1.0,8.23473892403e-17
45,Dollo(2),1.0,3.22519323586e-15
46,Dollo(2),1.0,6.16088894264e-16
47,Dollo(2),1.0,5.30403830263e-17
48,Dollo(2),1.0,3.29764600438e-17
49,Dollo(2),1.0,1.50596358523e-16
50,Dollo(2),1.0,3.76133376814e-17
51,Dollo(2),1.0,1.39006788327e-16
52,Dollo(2),1.0,4.77181959674e-17
53,Dollo(2),1.0,3.67272512987e-17
54,Dollo(2),1.0,5.60008545754e-17
55,Dollo(2),1.0,0.0
56,Dollo(2),1.0,0.0
57,Dollo(2),1.0,1.54421464862e-16
58,Dollo(2),1.0,1.34933544967e-15
59,Dollo(2),1.0,0.0
60,Dollo(2),1.0,1.43067713164e-15
61,Dollo(2),1.0,4.40417806564e-17
62,Dollo(2),1.0,4.04398961899e-17
63,Dollo(2),1.0,1.58876272756e-16
64,Dollo(2),1.0,2.65101672927e-17
65,Dollo(2),1.0,2.1131774682e-15
66,Dollo(2),1.0,9.27836266098e-17
67,Dollo(2),1.0,2.2134483167e-15
68,Dollo(2),1.0,2.80554590863e-15
69,Dollo(2),1.0,6.94273484114e-17
70,Dollo(2),1.0,1.9847079696e-16
71,Dollo(2),1.0,3.36884864186e-17
72,Dollo(2),1.0,2.94079934977e-16
73,Dollo(2),1.0,1.2537428643e-15
74,Dollo(2),1.0,1.11577924666e-16
75,Dollo(2),1.0,1.42643357288e-14
76,Dollo(2),1.0,2.11792584316e-16
77,Dollo(2),1.0,5.37538604012e-16
78,Dollo(2),1.0,4.10419571673e-17
79,Dollo(2),1.0,1.01927054011e-16
80,Dollo(2),1.0,6.19740262119e-17
81,Dollo(2),1.0,7.55344925708e-16
82,Dollo(2),1.0,6.69410770043e-17
83,Dollo(2),1.0,4.71632090079e-17
84,Dollo(2),1.0,1.14443913171e-16
85,Dollo(2),1.0,4.42349587735e-17
86,Dollo(2),1.0,1.30693967743e-16
87,Dollo(2),1.0,1.19950790923e-15
88,Dollo(2),1.0,7.27055876957e-17
89,Dollo(2),1.0,2.3415613988e-16
90,Dollo(2),1.0,3.96525838019e-17
91,Dollo(2),1.0,1.31998063902e-16
92,Dollo(2),1.0,1.95589075826e-16
93,Dollo(2),1.0,0.0
94,Dollo(2),1.0,5.20803252343e-17
95,Dollo(2),1.0,8.23302121615e-17
96,Dollo(2),1.0,0.0
97,Dollo(2),1.0,1.85616834631e-16
98,Dollo(2),1.0,1.48379746123e-15
99,Dollo(2),1.0,2.37577141826e-16
0,Dollo(2),0.8,4.39627075712e-17
1,Dollo(2),0.8,6.73772141591e-16
2,Dollo(2),0.8,1.41059163675e-16
3,Dollo(2),0.8,1.50298976283e-16
4,Dollo(2),0.8,2.05721605925e-17
5,Dollo(2),0.8,2.52518973139e-17
6,Dollo(2),0.8,8.59653423938e-16
7,Dollo(2),0.8,1.36165523973e-16
8,Dollo(2),0.8,1.20683334575e-16
9,Dollo(2),0.8,9.93096231113e-17
10,Dollo(2),0.8,1.23040051023e-15
11,Dollo(2),0.8,2.36080268033e-17
12,Dollo(2),0.8,5.64442752783e-17
13,Dollo(2),0.8,4.43631976157e-17
14,Dollo(2),0.8,1.07456190175e-15
15,Dollo(2),0.8,4.42595347717e-17
16,Dollo(2),0.8,5.79580786318e-17
17,Dollo(2),0.8,0.0294955619065
18,Dollo(2),0.8,1.36575034421e-17
19,Dollo(2),0.8,7.82286247183e-17
20,Dollo(2),0.8,1.73972023025e-16
21,Dollo(2),0.8,0.0
22,Dollo(2),0.8,2.58980523849e-16
23,Dollo(2),0.8,1.17721861069e-15
24,Dollo(2),0.8,1.60273958431e-15
25,Dollo(2),0.8,4.55818540214e-17
26,Dollo(2),0.8,7.26723206117e-16
27,Dollo(2),0.8,3.14631397315e-16
28,Dollo(2),0.8,1.8183662404e-15
29,Dollo(2),0.8,3.29401018864e-16
30,Dollo(2),0.8,1.79994121929e-15
31,Dollo(2),0.8,1.25142127033e-16
32,Dollo(2),0.8,0.0259522277734
33,Dollo(2),0.8,0.0
34,Dollo(2),0.8,7.40151413425e-17
35,Dollo(2),0.8,1.32685284196e-16
36,Dollo(2),0.8,1.24956448576e-15
37,Dollo(2),0.8,8.28171350721e-16
38,Dollo(2),0.8,1.20996394718e-16
39,Dollo(2),0.8,3.25536743124e-17
40,Dollo(2),0.8,5.00878365599e-17
41,Dollo(2),0.8,4.5417714746e-17
42,Dollo(2),0.8,1.77627041891e-16
43,Dollo(2),0.8,2.46309923727e-16
44,Dollo(2),0.8,4.98737169991e-17
45,Dollo(2),0.8,6.64275618123e-17
46,Dollo(2),0.8,4.63473711173e-17
47,Dollo(2),0.8,1.24616683948e-15
48,Dollo(2),0.8,3.29764600438e-17
49,Dollo(2),0.8,0.0624812488561
50,Dollo(2),0.8,1.08851465592e-16
51,Dollo(2),0.8,3.85728183373e-16
52,Dollo(2),0.8,1.2653197483e-17
53,Dollo(2),0.8,0.0
54,Dollo(2),0.8,1.08722897576e-16
55,Dollo(2),0.8,0.0
56,Dollo(2),0.8,5.8960631245e-17
57,Dollo(2),0.8,0.0540872244277
58,Dollo(2),0.8,9.72946889347e-16
59,Dollo(2),0.8,1.56320219054e-16
60,Dollo(2),0.8,9.09500163603e-16
61,Dollo(2),0.8,2.95441246193e-17
62,Dollo(2),0.8,1.72191879471e-17
63,Dollo(2),0.8,9.38201652114e-17
64,Dollo(2),0.8,1.21484848305e-16
65,Dollo(2),0.8,1.09306276457e-16
66,Dollo(2),0.8,0.0
67,Dollo(2),0.8,1.32200774024e-15
68,Dollo(2),0.8,1.14301340931e-15
69,Dollo(2),0.8,4.98537190415e-17
70,Dollo(2),0.8,8.25149056727e-16
71,Dollo(2),0.8,0.0
72,Dollo(2),0.8,3.91238125792e-17
73,Dollo(2),0.8,9.28259132684e-17
74,Dollo(2),0.8,4.46311698665e-17
75,Dollo(2),0.8,1.13922953181e-16
76,Dollo(2),0.8,2.35325093684e-16
77,Dollo(2),0.8,7.32670408919e-16
78,Dollo(2),0.8,9.17726061558e-18
79,Dollo(2),0.8,0.0
80,Dollo(2),0.8,8.99930769578e-16
81,Dollo(2),0.8,9.6501305769e-17
82,Dollo(2),0.8,0.0157185714477
83,Dollo(2),0.8,0.0
84,Dollo(2),0.8,1.10201680527e-16
85,Dollo(2),0.8,1.72033616229e-16
86,Dollo(2),0.8,5.18475737458e-16
87,Dollo(2),0.8,8.241656473e-17
88,Dollo(2),0.8,7.56743749386e-17
89,Dollo(2),0.8,8.62260722413e-17
90,Dollo(2),0.8,9.90248358448e-16
91,Dollo(2),0.8,1.17657638626e-16
92,Dollo(2),0.8,1.06155264747e-16
93,Dollo(2),0.8,6.77418144043e-17
94,Dollo(2),0.8,1.05423249906e-16
95,Dollo(2),0.8,9.31283131968e-17
96,Dollo(2),0.8,0.0
97,Dollo(2),0.8,6.9364808154e-17
98,Dollo(2),0.8,7.58775887629e-16
99,Dollo(2),0.8,2.01465013339e-17
0,Dollo(2),0.6,7.17908008405e-17
1,Dollo(2),0.6,9.61954400429e-17
2,Dollo(2),0.6,7.75038650901e-16
3,Dollo(2),0.6,0.00498630015656
4,Dollo(2),0.6,1.00004337111e-16
5,Dollo(2),0.6,8.80805097723e-17
6,Dollo(2),0.6,7.10825489008e-16
7,Dollo(2),0.6,0.0384891238447
8,Dollo(2),0.6,1.89246568569e-17
9,Dollo(2),0.6,4.23457655767e-17
10,Dollo(2),0.6,1.49638805529e-15
11,Dollo(2),0.6,0.0185849284049
12,Dollo(2),0.6,2.82221376391e-17
13,Dollo(2),0.6,0.0
14,Dollo(2),0.6,7.76072484594e-16
15,Dollo(2),0.6,7.53264479654e-17
16,Dollo(2),0.6,0.0113549719452
17,Dollo(2),0.6,0.0908527895746
18,Dollo(2),0.6,6.30813063101e-17
19,Dollo(2),0.6,0.0196792497122
20,Dollo(2),0.6,5.45213680875e-17
21,Dollo(2),0.6,1.02951647491e-16
22,Dollo(2),0.6,3.00931687964e-17
23,Dollo(2),0.6,0.0
24,Dollo(2),0.6,0.0195963837344
25,Dollo(2),0.6,0.0548296959151
26,Dollo(2),0.6,0.0462897535586
27,Dollo(2),0.6,0.0962075608059
28,Dollo(2),0.6,7.82319169261e-17
29,Dollo(2),0.6,2.38972615948e-16
30,Dollo(2),0.6,1.20206695657e-16
31,Dollo(2),0.6,4.72992780953e-17
32,Dollo(2),0.6,0.149086703111
33,Dollo(2),0.6,4.28909501616e-17
34,Dollo(2),0.6,4.68569774428e-17
35,Dollo(2),0.6,2.79802486952e-16
36,Dollo(2),0.6,1.13460171577e-15
37,Dollo(2),0.6,3.25631835188e-16
38,Dollo(2),0.6,7.4094856944e-17
39,Dollo(2),0.6,0.108863941451
40,Dollo(2),0.6,0.0404611460099
41,Dollo(2),0.6,2.22500452822e-17
42,Dollo(2),0.6,1.73224979575e-16
43,Dollo(2),0.6,8.05519585375e-17
44,Dollo(2),0.6,0.070055757977
45,Dollo(2),0.6,0.0
46,Dollo(2),0.6,0.0995723311433
47,Dollo(2),0.6,5.30403830263e-17
48,Dollo(2),0.6,3.29764600438e-17
49,Dollo(2),0.6,0.138382279004
50,Dollo(2),0.6,0.0611047929511
51,Dollo(2),0.6,1.31873418402e-16
52,Dollo(2),0.6,4.30126005833e-17
53,Dollo(2),0.6,6.36134652717e-17
54,Dollo(2),0.6,0.0584809851696
55,Dollo(2),0.6,0.0322569187514
56,Dollo(2),0.6,3.92467015441e-16
57,Dollo(2),0.6,0.188552711113
58,Dollo(2),0.6,1.00953989159e-15
59,Dollo(2),0.6,0.0813748853028
60,Dollo(2),0.6,9.72499113666e-16
61,Dollo(2),0.6,0.0578801841802
62,Dollo(2),0.6,1.73050697166e-16
63,Dollo(2),0.6,8.3746858402e-17
64,Dollo(2),0.6,0.101753122617
65,Dollo(2),0.6,8.45104615457e-17
66,Dollo(2),0.6,0.0
67,Dollo(2),0.6,4.54381370045e-17
68,Dollo(2),0.6,0.0480572616706
69,Dollo(2),0.6,5.3497364842e-17
70,Dollo(2),0.6,5.41943049535e-17
71,Dollo(2),0.6,0.0
72,Dollo(2),0.6,0.132875172511
73,Dollo(2),0.6,0.0719511060373
74,Dollo(2),0.6,0.0582723957659
75,Dollo(2),0.6,1.30129831828e-16
76,Dollo(2),0.6,0.11985960183
77,Dollo(2),0.6,0.0581017552707
78,Dollo(2),0.6,0.110130202428
79,Dollo(2),0.6,7.84634827614e-17
80,Dollo(2),0.6,2.55090860272e-16
81,Dollo(2),0.6,0.0448212478615
82,Dollo(2),0.6,0.102200870498
83,Dollo(2),0.6,1.29341034229e-16
84,Dollo(2),0.6,8.37661652944e-17
85,Dollo(2),0.6,0.0742615147204
86,Dollo(2),0.6,1.73729121905e-16
87,Dollo(2),0.6,5.52867123625e-17
88,Dollo(2),0.6,4.19765906277e-17
89,Dollo(2),0.6,0.0251476025007
90,Dollo(2),0.6,7.99223377493e-17
91,Dollo(2),0.6,0.0863991449285
92,Dollo(2),0.6,9.94235147871e-18
93,Dollo(2),0.6,1.24909733904e-16
94,Dollo(2),0.6,1.47809780636e-16
95,Dollo(2),0.6,1.90627976849e-16
96,Dollo(2),0.6,2.44159563074e-16
97,Dollo(2),0.6,1.18704477295e-16
98,Dollo(2),0.6,7.88852324103e-18
99,Dollo(2),0.6,0.058061349809
0,Dollo(2),0.4,0.0717234931225
1,Dollo(2),0.4,0.122639302476
2,Dollo(2),0.4,0.141597046619
3,Dollo(2),0.4,0.169219709574
4,Dollo(2),0.4,0.17694176342
5,Dollo(2),0.4,0.178083288142
6,Dollo(2),0.4,0.0
7,Dollo(2),0.4,0.150974690917
8,Dollo(2),0.4,0.16951153394
9,Dollo(2),0.4,0.161256586907
10,Dollo(2),0.4,0.161558494319
11,Dollo(2),0.4,0.161599034141
12,Dollo(2),0.4,0.194327012561
13,Dollo(2),0.4,0.0780979700605
14,Dollo(2),0.4,8.35770368024e-16
15,Dollo(2),0.4,0.0377970700823
16,Dollo(2),0.4,0.0933974655631
17,Dollo(2),0.4,0.142100514129
18,Dollo(2),0.4,0.131930432065
19,Dollo(2),0.4,0.141051396373
20,Dollo(2),0.4,0.147246221958
21,Dollo(2),0.4,1.02951647491e-16
22,Dollo(2),0.4,0.118802425522
23,Dollo(2),0.4,5.1387821403e-17
24,Dollo(2),0.4,0.183093322432
25,Dollo(2),0.4,0.164681790474
26,Dollo(2),0.4,0.26730894131
27,Dollo(2),0.4,0.213752313694
28,Dollo(2),0.4,0.133609651309
29,Dollo(2),0.4,0.125746539325
30,Dollo(2),0.4,0.203037216362
31,Dollo(2),0.4,0.341301390577
32,Dollo(2),0.4,0.301791536084
33,Dollo(2),0.4,0.0618171541088
34,Dollo(2),0.4,0.078793852159
35,Dollo(2),0.4,0.126528092154
36,Dollo(2),0.4,1.74416217534e-16
37,Dollo(2),0.4,0.219920692798
38,Dollo(2),0.4,0.273095397683
39,Dollo(2),0.4,0.285554310134
40,Dollo(2),0.4,0.157972971548
41,Dollo(2),0.4,0.146070545959
42,Dollo(2),0.4,0.186487957562
43,Dollo(2),0.4,0.117033542681
44,Dollo(2),0.4,0.167888184645
45,Dollo(2),0.4,0.0972337172525
46,Dollo(2),0.4,0.225092255335
47,Dollo(2),0.4,0.1466039834
48,Dollo(2),0.4,1.55549650928e-16
49,Dollo(2),0.4,0.258313586907
50,Dollo(2),0.4,0.160694666664
51,Dollo(2),0.4,0.248757049459
52,Dollo(2),0.4,0.208062100084
53,Dollo(2),0.4,2.08570693919e-16
54,Dollo(2),0.4,0.177360576634
55,Dollo(2),0.4,0.12117461222
56,Dollo(2),0.4,0.0636864364697
57,Dollo(2),0.4,0.281721341705
58,Dollo(2),0.4,9.0517395428e-16
59,Dollo(2),0.4,0.23779568428
60,Dollo(2),0.4,4.28742488782e-17
61,Dollo(2),0.4,0.153827298959
62,Dollo(2),0.4,0.126639998029
63,Dollo(2),0.4,0.115174035292
64,Dollo(2),0.4,0.22961567691
65,Dollo(2),0.4,0.165939067525
66,Dollo(2),0.4,7.47540588083e-17
67,Dollo(2),0.4,0.0780214865843
68,Dollo(2),0.4,0.274268315769
69,Dollo(2),0.4,0.0964174780245
70,Dollo(2),0.4,0.218040357232
71,Dollo(2),0.4,0.136088008547
72,Dollo(2),0.4,0.239213548121
73,Dollo(2),0.4,0.202713874097
74,Dollo(2),0.4,0.187715059411
75,Dollo(2),0.4,0.0266612172305
76,Dollo(2),0.4,0.25400672156
77,Dollo(2),0.4,0.219763826516
78,Dollo(2),0.4,0.237281416111
79,Dollo(2),0.4,0.167746756949
80,Dollo(2),0.4,0.0895502695873
81,Dollo(2),0.4,0.164127046466
82,Dollo(2),0.4,0.180937660724
83,Dollo(2),0.4,0.22976639894
84,Dollo(2),0.4,0.166104302252
85,Dollo(2),0.4,0.228682544135
86,Dollo(2),0.4,0.257089199092
87,Dollo(2),0.4,0.147089099163
88,Dollo(2),0.4,0.0950478229789
89,Dollo(2),0.4,0.291201598569
90,Dollo(2),0.4,0.130268139937
91,Dollo(2),0.4,0.182792552546
92,Dollo(2),0.4,0.116909039409
93,Dollo(2),0.4,0.15653690572
94,Dollo(2),0.4,0.174908143491
95,Dollo(2),0.4,0.177747154003
96,Dollo(2),0.4,0.0484473756112
97,Dollo(2),0.4,0.151137743401
98,Dollo(2),0.4,0.142971531224
99,Dollo(2),0.4,0.225879519952
0,Camin-Sokal(2),1.0,0.10918216276
1,Camin-Sokal(2),1.0,1.19836191513e-15
2,Camin-Sokal(2),1.0,0.0106110098894
3,Camin-Sokal(2),1.0,0.0763626061484
4,Camin-Sokal(2),1.0,0.0737673036049
5,Camin-Sokal(2),1.0,0.0416741948034
6,Camin-Sokal(2),1.0,1.01226251271e-15
7,Camin-Sokal(2),1.0,0.0918503742553
8,Camin-Sokal(2),1.0,9.05125009314e-17
9,Camin-Sokal(2),1.0,4.49144669907e-17
10,Camin-Sokal(2),1.0,2.1336044241e-15
11,Camin-Sokal(2),1.0,0.142222397807
12,Camin-Sokal(2),1.0,2.82221376391e-17
13,Camin-Sokal(2),1.0,0.0197286188807
14,Camin-Sokal(2),1.0,9.55166134885e-16
15,Camin-Sokal(2),1.0,0.117497674351
16,Camin-Sokal(2),1.0,4.62345523596e-17
17,Camin-Sokal(2),1.0,0.116320796102
18,Camin-Sokal(2),1.0,0.0728997929554
19,Camin-Sokal(2),1.0,0.113490414209
20,Camin-Sokal(2),1.0,0.013535035157
21,Camin-Sokal(2),1.0,9.51432817912e-16
22,Camin-Sokal(2),1.0,0.265893707732
23,Camin-Sokal(2),1.0,2.57431957417e-15
24,Camin-Sokal(2),1.0,0.0132640671125
25,Camin-Sokal(2),1.0,0.00673326340178
26,Camin-Sokal(2),1.0,0.0764253544782
27,Camin-Sokal(2),1.0,0.0654703557453
28,Camin-Sokal(2),1.0,0.0460181533238
29,Camin-Sokal(2),1.0,3.80776366316e-16
30,Camin-Sokal(2),1.0,1.01372357871e-15
31,Camin-Sokal(2),1.0,1.54466726253e-15
32,Camin-Sokal(2),1.0,0.126939381818
33,Camin-Sokal(2),1.0,0.0
34,Camin-Sokal(2),1.0,0.076050310858
35,Camin-Sokal(2),1.0,0.00254394834047
36,Camin-Sokal(2),1.0,1.11126620069e-15
37,Camin-Sokal(2),1.0,6.78638593033e-16
38,Camin-Sokal(2),1.0,0.0
39,Camin-Sokal(2),1.0,1.93733112657e-17
40,Camin-Sokal(2),1.0,0.123556082522
41,Camin-Sokal(2),1.0,3.63341717968e-17
42,Camin-Sokal(2),1.0,0.123687242883
43,Camin-Sokal(2),1.0,5.09455317932e-17
44,Camin-Sokal(2),1.0,0.127331055664
45,Camin-Sokal(2),1.0,2.97073087584e-17
46,Camin-Sokal(2),1.0,0.00843855933165
47,Camin-Sokal(2),1.0,0.0538292569304
48,Camin-Sokal(2),1.0,0.0411083356121
49,Camin-Sokal(2),1.0,0.151409523161
50,Camin-Sokal(2),1.0,0.00973739296811
51,Camin-Sokal(2),1.0,2.03823961992e-16
52,Camin-Sokal(2),1.0,0.0116137081776
53,Camin-Sokal(2),1.0,0.0148864351737
54,Camin-Sokal(2),1.0,0.076552404638
55,Camin-Sokal(2),1.0,8.33010630913e-18
56,Camin-Sokal(2),1.0,0.0540205084151
57,Camin-Sokal(2),1.0,0.134935519237
58,Camin-Sokal(2),1.0,1.68928989136e-15
59,Camin-Sokal(2),1.0,0.0328594754905
60,Camin-Sokal(2),1.0,1.62980311761e-15
61,Camin-Sokal(2),1.0,0.0301887354027
62,Camin-Sokal(2),1.0,2.00358126894e-16
63,Camin-Sokal(2),1.0,6.11430595626e-16
64,Camin-Sokal(2),1.0,0.0459049864813
65,Camin-Sokal(2),1.0,1.96414020431e-15
66,Camin-Sokal(2),1.0,4.43103919872e-17
67,Camin-Sokal(2),1.0,1.71525205715e-16
68,Camin-Sokal(2),1.0,0.00119904424151
69,Camin-Sokal(2),1.0,1.94055338182e-17
70,Camin-Sokal(2),1.0,6.55623298011e-16
71,Camin-Sokal(2),1.0,2.72300793833e-16
72,Camin-Sokal(2),1.0,0.0524839026908
73,Camin-Sokal(2),1.0,1.75250953246e-15
74,Camin-Sokal(2),1.0,0.0112193809032
75,Camin-Sokal(2),1.0,1.49160158956e-16
76,Camin-Sokal(2),1.0,0.0374419166971
77,Camin-Sokal(2),1.0,0.123100802901
78,Camin-Sokal(2),1.0,0.0702812997847
79,Camin-Sokal(2),1.0,1.48278337464e-15
80,Camin-Sokal(2),1.0,3.30528139797e-17
81,Camin-Sokal(2),1.0,0.0801151371982
82,Camin-Sokal(2),1.0,0.0816798522419
83,Camin-Sokal(2),1.0,1.92542994503e-16
84,Camin-Sokal(2),1.0,0.0535057126021
85,Camin-Sokal(2),1.0,0.0
86,Camin-Sokal(2),1.0,1.28776592896e-16
87,Camin-Sokal(2),1.0,0.129673584315
88,Camin-Sokal(2),1.0,0.0
89,Camin-Sokal(2),1.0,0.0526277002989
90,Camin-Sokal(2),1.0,0.237944341685
91,Camin-Sokal(2),1.0,0.0638335482704
92,Camin-Sokal(2),1.0,0.048727041155
93,Camin-Sokal(2),1.0,0.0380385861585
94,Camin-Sokal(2),1.0,5.30244563343e-17
95,Camin-Sokal(2),1.0,6.9967226395e-17
96,Camin-Sokal(2),1.0,9.90197782611e-18
97,Camin-Sokal(2),1.0,0.0494929272824
98,Camin-Sokal(2),1.0,0.0469295758467
99,Camin-Sokal(2),1.0,0.11083793744
0,Camin-Sokal(2),0.8,0.10918216276
1,Camin-Sokal(2),0.8,3.06425268038e-16
2,Camin-Sokal(2),0.8,0.0106110098894
3,Camin-Sokal(2),0.8,0.0830374863708
4,Camin-Sokal(2),0.8,0.0737673036049
5,Camin-Sokal(2),0.8,0.0416741948034
6,Camin-Sokal(2),0.8,8.54403442318e-16
7,Camin-Sokal(2),0.8,0.074256157238
8,Camin-Sokal(2),0.8,7.57971292617e-17
9,Camin-Sokal(2),0.8,0.0
10,Camin-Sokal(2),0.8,1.86631286051e-15
11,Camin-Sokal(2),0.8,0.142222397807
12,Camin-Sokal(2),0.8,6.91298366665e-17
13,Camin-Sokal(2),0.8,0.0197286188807
14,Camin-Sokal(2),0.8,0.0
15,Camin-Sokal(2),0.8,0.117497674351
16,Camin-Sokal(2),0.8,1.74750182174e-17
17,Camin-Sokal(2),0.8,0.131655961993
18,Camin-Sokal(2),0.8,0.0728997929554
19,Camin-Sokal(2),0.8,0.112518746428
20,Camin-Sokal(2),0.8,0.013535035157
21,Camin-Sokal(2),0.8,4.04093413107e-16
22,Camin-Sokal(2),0.8,0.265893707732
23,Camin-Sokal(2),0.8,5.09750611331e-16
24,Camin-Sokal(2),0.8,0.0132640671125
25,Camin-Sokal(2),0.8,0.00673326340178
26,Camin-Sokal(2),0.8,0.0764253544782
27,Camin-Sokal(2),0.8,0.0536224303509
28,Camin-Sokal(2),0.8,0.0460181533238
29,Camin-Sokal(2),0.8,1.0232196106e-16
30,Camin-Sokal(2),0.8,1.53747999383e-15
31,Camin-Sokal(2),0.8,3.86196988452e-17
32,Camin-Sokal(2),0.8,0.147371174171
33,Camin-Sokal(2),0.8,1.43860620271e-16
34,Camin-Sokal(2),0.8,0.076050310858
35,Camin-Sokal(2),0.8,0.00254394834046
36,Camin-Sokal(2),0.8,3.27454660609e-16
37,Camin-Sokal(2),0.8,6.58270352612e-16
38,Camin-Sokal(2),0.8,8.90509353199e-17
39,Camin-Sokal(2),0.8,1.87948726274e-17
40,Camin-Sokal(2),0.8,0.131745094781
41,Camin-Sokal(2),0.8,2.72506288476e-17
42,Camin-Sokal(2),0.8,0.117115333255
43,Camin-Sokal(2),0.8,1.17039282323e-16
44,Camin-Sokal(2),0.8,0.132662526499
45,Camin-Sokal(2),0.8,3.32137809061e-17
46,Camin-Sokal(2),0.8,0.00843855933165
47,Camin-Sokal(2),0.8,0.0538292569304
48,Camin-Sokal(2),0.8,0.0411083356121
49,Camin-Sokal(2),0.8,0.169654882724
50,Camin-Sokal(2),0.8,0.00973739296811
51,Camin-Sokal(2),0.8,3.20394816212e-17
52,Camin-Sokal(2),0.8,0.0116137081776
53,Camin-Sokal(2),0.8,0.0148864351737
54,Camin-Sokal(2),0.8,0.076552404638
55,Camin-Sokal(2),0.8,3.7253367934e-17
56,Camin-Sokal(2),0.8,0.0540205084151
57,Camin-Sokal(2),0.8,0.142738333221
58,Camin-Sokal(2),0.8,3.6120264824e-15
59,Camin-Sokal(2),0.8,0.0328594754905
60,Camin-Sokal(2),0.8,1.74366992654e-15
61,Camin-Sokal(2),0.8,0.0301887354027
62,Camin-Sokal(2),0.8,1.24467456202e-16
63,Camin-Sokal(2),0.8,1.40949575955e-16
64,Camin-Sokal(2),0.8,0.0459049864813
65,Camin-Sokal(2),0.8,2.04488422216e-15
66,Camin-Sokal(2),0.8,0.0
67,Camin-Sokal(2),0.8,9.36731191504e-17
68,Camin-Sokal(2),0.8,0.00119904424151
69,Camin-Sokal(2),0.8,2.45462744307e-17
70,Camin-Sokal(2),0.8,5.25761985012e-17
71,Camin-Sokal(2),0.8,0.0
72,Camin-Sokal(2),0.8,0.0834878113043
73,Camin-Sokal(2),0.8,7.93487409516e-16
74,Camin-Sokal(2),0.8,0.0112193809032
75,Camin-Sokal(2),0.8,7.82992177405e-16
76,Camin-Sokal(2),0.8,0.04833748286
77,Camin-Sokal(2),0.8,0.123100802901
78,Camin-Sokal(2),0.8,0.0702812997847
79,Camin-Sokal(2),0.8,0.0
80,Camin-Sokal(2),0.8,8.74495259211e-17
81,Camin-Sokal(2),0.8,0.0856684397167
82,Camin-Sokal(2),0.8,0.13601343695
83,Camin-Sokal(2),0.8,7.7017197801e-17
84,Camin-Sokal(2),0.8,0.0535057126021
85,Camin-Sokal(2),0.8,3.83085980332e-17
86,Camin-Sokal(2),0.8,1.28937463156e-16
87,Camin-Sokal(2),0.8,0.129673584315
88,Camin-Sokal(2),0.8,2.09882953138e-17
89,Camin-Sokal(2),0.8,0.0526277002989
90,Camin-Sokal(2),0.8,0.237944341685
91,Camin-Sokal(2),0.8,0.0679136854556
92,Camin-Sokal(2),0.8,0.048727041155
93,Camin-Sokal(2),0.8,0.0269935348834
94,Camin-Sokal(2),0.8,0.0
95,Camin-Sokal(2),0.8,1.13152053641e-16
96,Camin-Sokal(2),0.8,7.08527856988e-17
97,Camin-Sokal(2),0.8,0.0494929272824
98,Camin-Sokal(2),0.8,0.0469295758467
99,Camin-Sokal(2),0.8,0.11083793744
0,Camin-Sokal(2),0.6,0.10918216276
1,Camin-Sokal(2),0.6,1.41915844853e-16
2,Camin-Sokal(2),0.6,0.0106110098894
3,Camin-Sokal(2),0.6,0.0763626061484
4,Camin-Sokal(2),0.6,0.0737673036049
5,Camin-Sokal(2),0.6,0.0416741948034
6,Camin-Sokal(2),0.6,1.28135877202e-16
7,Camin-Sokal(2),0.6,0.158812431831
8,Camin-Sokal(2),0.6,5.57126812792e-17
9,Camin-Sokal(2),0.6,0.0
10,Camin-Sokal(2),0.6,0.0
11,Camin-Sokal(2),0.6,0.142222397807
12,Camin-Sokal(2),0.6,1.16362854467e-16
13,Camin-Sokal(2),0.6,0.0197286188807
14,Camin-Sokal(2),0.6,0.0
15,Camin-Sokal(2),0.6,0.117497674351
16,Camin-Sokal(2),0.6,0.0460126734906
17,Camin-Sokal(2),0.6,0.198742768259
18,Camin-Sokal(2),0.6,0.0728997929554
19,Camin-Sokal(2),0.6,0.113490414209
20,Camin-Sokal(2),0.6,0.013535035157
21,Camin-Sokal(2),0.6,1.94316973349e-16
22,Camin-Sokal(2),0.6,0.270621479288
23,Camin-Sokal(2),0.6,0.0
24,Camin-Sokal(2),0.6,0.0236633415187
25,Camin-Sokal(2),0.6,0.0754876357144
26,Camin-Sokal(2),0.6,0.131958500865
27,Camin-Sokal(2),0.6,0.182357106741
28,Camin-Sokal(2),0.6,0.0460181533238
29,Camin-Sokal(2),0.6,0.0
30,Camin-Sokal(2),0.6,5.71610896738e-16
31,Camin-Sokal(2),0.6,0.115852514119
32,Camin-Sokal(2),0.6,0.220060257336
33,Camin-Sokal(2),0.6,0.0
34,Camin-Sokal(2),0.6,0.076050310858
35,Camin-Sokal(2),0.6,0.00254394834047
36,Camin-Sokal(2),0.6,0.0
37,Camin-Sokal(2),0.6,0.0
38,Camin-Sokal(2),0.6,1.98433472518e-15
39,Camin-Sokal(2),0.6,0.154708244818
40,Camin-Sokal(2),0.6,0.127588287594
41,Camin-Sokal(2),0.6,1.01557097555e-16
42,Camin-Sokal(2),0.6,0.123687242883
43,Camin-Sokal(2),0.6,3.8910292627e-17
44,Camin-Sokal(2),0.6,0.169215047856
45,Camin-Sokal(2),0.6,0.0
46,Camin-Sokal(2),0.6,0.111829175344
47,Camin-Sokal(2),0.6,0.0538292569304
48,Camin-Sokal(2),0.6,0.0411083356121
49,Camin-Sokal(2),0.6,0.19725145713
50,Camin-Sokal(2),0.6,0.102610653399
51,Camin-Sokal(2),0.6,2.5631585297e-16
52,Camin-Sokal(2),0.6,0.0116137081776
53,Camin-Sokal(2),0.6,0.0148864351737
54,Camin-Sokal(2),0.6,0.090686696881
55,Camin-Sokal(2),0.6,0.0504323937646
56,Camin-Sokal(2),0.6,0.0540205084151
57,Camin-Sokal(2),0.6,0.198950884727
58,Camin-Sokal(2),0.6,8.42531097354e-16
59,Camin-Sokal(2),0.6,0.153327269014
60,Camin-Sokal(2),0.6,1.52339392027e-16
61,Camin-Sokal(2),0.6,0.0652799775272
62,Camin-Sokal(2),0.6,3.44383758943e-17
63,Camin-Sokal(2),0.6,4.1307546038e-17
64,Camin-Sokal(2),0.6,0.153235971826
65,Camin-Sokal(2),0.6,1.36174292455e-15
66,Camin-Sokal(2),0.6,1.19663303788e-15
67,Camin-Sokal(2),0.6,1.71705663636e-15
68,Camin-Sokal(2),0.6,0.0480722176145
69,Camin-Sokal(2),0.6,0.0
70,Camin-Sokal(2),0.6,0.0
71,Camin-Sokal(2),0.6,2.33400680428e-16
72,Camin-Sokal(2),0.6,0.192807645132
73,Camin-Sokal(2),0.6,0.077732903104
74,Camin-Sokal(2),0.6,0.120553790108
75,Camin-Sokal(2),0.6,8.96341002287e-17
76,Camin-Sokal(2),0.6,0.120958618382
77,Camin-Sokal(2),0.6,0.130197333692
78,Camin-Sokal(2),0.6,0.129519674485
79,Camin-Sokal(2),0.6,8.88146319605e-17
80,Camin-Sokal(2),0.6,7.57335109966e-17
81,Camin-Sokal(2),0.6,0.109614421552
82,Camin-Sokal(2),0.6,0.152321018853
83,Camin-Sokal(2),0.6,2.34238662486e-16
84,Camin-Sokal(2),0.6,0.0535057126021
85,Camin-Sokal(2),0.6,0.0895292180822
86,Camin-Sokal(2),0.6,1.54531911476e-16
87,Camin-Sokal(2),0.6,0.129673584315
88,Camin-Sokal(2),0.6,0.0
89,Camin-Sokal(2),0.6,0.12374791759
90,Camin-Sokal(2),0.6,0.24547481895
91,Camin-Sokal(2),0.6,0.109895772969
92,Camin-Sokal(2),0.6,0.0494646929043
93,Camin-Sokal(2),0.6,0.0269935348834
94,Camin-Sokal(2),0.6,8.01064759146e-17
95,Camin-Sokal(2),0.6,6.9967226395e-17
96,Camin-Sokal(2),0.6,8.85659821235e-18
97,Camin-Sokal(2),0.6,0.0494929272824
98,Camin-Sokal(2),0.6,0.0469295758467
99,Camin-Sokal(2),0.6,0.133161431204
0,Camin-Sokal(2),0.4,0.114667717986
1,Camin-Sokal(2),0.4,0.122639302476
2,Camin-Sokal(2),0.4,0.14199407432
3,Camin-Sokal(2),0.4,0.221958991879
4,Camin-Sokal(2),0.4,0.17694176342
5,Camin-Sokal(2),0.4,0.228683122691
6,Camin-Sokal(2),0.4,3.55384981137e-17
7,Camin-Sokal(2),0.4,0.247232985963
8,Camin-Sokal(2),0.4,0.198284139721
9,Camin-Sokal(2),0.4,0.161256586907
10,Camin-Sokal(2),0.4,0.161558494319
11,Camin-Sokal(2),0.4,0.187418242787
12,Camin-Sokal(2),0.4,0.235379842375
13,Camin-Sokal(2),0.4,0.0805512962683
14,Camin-Sokal(2),0.4,8.35770368024e-16
15,Camin-Sokal(2),0.4,0.1234273956
16,Camin-Sokal(2),0.4,0.111849178769
17,Camin-Sokal(2),0.4,0.220189666015
18,Camin-Sokal(2),0.4,0.129669963738
19,Camin-Sokal(2),0.4,0.189709272652
20,Camin-Sokal(2),0.4,0.143424855517
21,Camin-Sokal(2),0.4,0.0
22,Camin-Sokal(2),0.4,0.295550336427
23,Camin-Sokal(2),0.4,0.171549327769
24,Camin-Sokal(2),0.4,0.211719869064
25,Camin-Sokal(2),0.4,0.169930481645
26,Camin-Sokal(2),0.4,0.303740577527
27,Camin-Sokal(2),0.4,0.226267685989
28,Camin-Sokal(2),0.4,0.148777169615
29,Camin-Sokal(2),0.4,0.117614945358
30,Camin-Sokal(2),0.4,0.203037216362
31,Camin-Sokal(2),0.4,0.353642962946
32,Camin-Sokal(2),0.4,0.302235880548
33,Camin-Sokal(2),0.4,0.136382676107
34,Camin-Sokal(2),0.4,0.136184978564
35,Camin-Sokal(2),0.4,0.137175116578
36,Camin-Sokal(2),0.4,1.87723701058e-16
37,Camin-Sokal(2),0.4,0.219920692798
38,Camin-Sokal(2),0.4,0.269828449534
39,Camin-Sokal(2),0.4,0.318531573509
40,Camin-Sokal(2),0.4,0.197151226122
41,Camin-Sokal(2),0.4,0.146070545959
42,Camin-Sokal(2),0.4,0.251600681969
43,Camin-Sokal(2),0.4,0.117033542681
44,Camin-Sokal(2),0.4,0.216092393807
45,Camin-Sokal(2),0.4,0.103955434161
46,Camin-Sokal(2),0.4,0.246008175243
47,Camin-Sokal(2),0.4,0.182335126754
48,Camin-Sokal(2),0.4,0.0411083356121
49,Camin-Sokal(2),0.4,0.279076159182
50,Camin-Sokal(2),0.4,0.197118763348
51,Camin-Sokal(2),0.4,0.184147541584
52,Camin-Sokal(2),0.4,0.208385756091
53,Camin-Sokal(2),0.4,0.0148864351737
54,Camin-Sokal(2),0.4,0.202714425263
55,Camin-Sokal(2),0.4,0.12117461222
56,Camin-Sokal(2),0.4,0.0835115412361
57,Camin-Sokal(2),0.4,0.318165692502
58,Camin-Sokal(2),0.4,6.80217952072e-16
59,Camin-Sokal(2),0.4,0.276926478659
60,Camin-Sokal(2),0.4,6.06333442402e-17
61,Camin-Sokal(2),0.4,0.153827298959
62,Camin-Sokal(2),0.4,0.157831881398
63,Camin-Sokal(2),0.4,0.121399671755
64,Camin-Sokal(2),0.4,0.266849497748
65,Camin-Sokal(2),0.4,0.165939067525
66,Camin-Sokal(2),0.4,7.05977541895e-17
67,Camin-Sokal(2),0.4,0.0780214865843
68,Camin-Sokal(2),0.4,0.213996904677
69,Camin-Sokal(2),0.4,0.106825326642
70,Camin-Sokal(2),0.4,0.218040357232
71,Camin-Sokal(2),0.4,0.136088008547
72,Camin-Sokal(2),0.4,0.273605943375
73,Camin-Sokal(2),0.4,0.202713874097
74,Camin-Sokal(2),0.4,0.237920427439
75,Camin-Sokal(2),0.4,0.0266612172305
76,Camin-Sokal(2),0.4,0.25400672156
77,Camin-Sokal(2),0.4,0.261018812415
78,Camin-Sokal(2),0.4,0.290816442429
79,Camin-Sokal(2),0.4,0.201746863844
80,Camin-Sokal(2),0.4,0.0959025748666
81,Camin-Sokal(2),0.4,0.190158655756
82,Camin-Sokal(2),0.4,0.197247728518
83,Camin-Sokal(2),0.4,0.22976639894
84,Camin-Sokal(2),0.4,0.193529648635
85,Camin-Sokal(2),0.4,0.228682544135
86,Camin-Sokal(2),0.4,0.257089199092
87,Camin-Sokal(2),0.4,0.134673731523
88,Camin-Sokal(2),0.4,0.125747281317
89,Camin-Sokal(2),0.4,0.294135832235
90,Camin-Sokal(2),0.4,0.29892115935
91,Camin-Sokal(2),0.4,0.204633018558
92,Camin-Sokal(2),0.4,0.152481988011
93,Camin-Sokal(2),0.4,0.152970414964
94,Camin-Sokal(2),0.4,0.174908143491
95,Camin-Sokal(2),0.4,0.177747154003
96,Camin-Sokal(2),0.4,0.0484473756112
97,Camin-Sokal(2),0.4,0.151137743401
98,Camin-Sokal(2),0.4,0.149454770357
99,Camin-Sokal(2),0.4,0.225879519952
